{
"type": "FeatureCollection",
"name": "buildings_82.5168_28.9104_82.6148_29.0019",
"crs": { "type": "name", "properties": { "name": "urn:ogc:def:crs:OGC:1.3:CRS84" } },
"features": [
{ "type": "Feature", "properties": { "element": "way", "id": 302306188, "building": "yes", "bldg_type": "default", "area_m2": 41.723265680635407, "replacement_value": 29206.285976444786 }, "geometry": { "type": "Polygon", "coordinates": [ [ [ 82.5805355, 28.989742 ], [ 82.5805763, 28.9897077 ], [ 82.5805222, 28.9896585 ], [ 82.5804814, 28.9896928 ], [ 82.5805355, 28.989742 ] ] ] } },
{ "type": "Feature", "properties": { "element": "way", "id": 302315425, "building": "yes", "bldg_type": "default", "area_m2": 52.535131133868965, "replacement_value": 36774.591793708278 }, "geometry": { "type": "Polygon", "coordinates": [ [ [ 82.5424873, 28.9800673 ], [ 82.5425303, 28.980148 ], [ 82.5425798, 28.9801279 ], [ 82.5425368, 28.9800471 ], [ 82.5424873, 28.9800673 ] ] ] } },
{ "type": "Feature", "properties": { "element": "way", "id": 302315426, "building": "yes", "bldg_type": "default", "area_m2": 33.627160023428644, "replacement_value": 23539.012016400051 }, "geometry": { "type": "Polygon", "coordinates": [ [ [ 82.541672, 28.9787474 ], [ 82.5417166, 28.9787251 ], [ 82.5416822, 28.9786725 ], [ 82.5416376, 28.9786948 ], [ 82.541672, 28.9787474 ] ] ] } },
{ "type": "Feature", "properties": { "element": "way", "id": 302315427, "building": "yes", "bldg_type": "default", "area_m2": 50.377602121946772, "replacement_value": 35264.321485362743 }, "geometry": { "type": "Polygon", "coordinates": [ [ [ 82.542057, 28.9792629 ], [ 82.542115, 28.9793249 ], [ 82.5421601, 28.9792927 ], [ 82.5421021, 28.9792307 ], [ 82.542057, 28.9792629 ] ] ] } },
{ "type": "Feature", "properties": { "element": "way", "id": 302315428, "building": "yes", "bldg_type": "default", "area_m2": 45.095272809749979, "replacement_value": 31566.690966824986 }, "geometry": { "type": "Polygon", "coordinates": [ [ [ 82.5433794, 28.9805876 ], [ 82.5434589, 28.9806158 ], [ 82.5434798, 28.9805707 ], [ 82.5434003, 28.9805425 ], [ 82.5433794, 28.9805876 ] ] ] } },
{ "type": "Feature", "properties": { "element": "way", "id": 302315429, "building": "yes", "bldg_type": "default", "area_m2": 70.714627135780006, "replacement_value": 49500.238995046006 }, "geometry": { "type": "Polygon", "coordinates": [ [ [ 82.5424221, 28.9800069 ], [ 82.5425029, 28.9799808 ], [ 82.5424729, 28.9799095 ], [ 82.5423921, 28.9799355 ], [ 82.5424221, 28.9800069 ] ] ] } },
{ "type": "Feature", "properties": { "element": "way", "id": 302315430, "building": "yes", "bldg_type": "default", "area_m2": 67.666340985350374, "replacement_value": 47366.438689745264 }, "geometry": { "type": "Polygon", "coordinates": [ [ [ 82.542377, 28.979727 ], [ 82.5424253, 28.9797066 ], [ 82.5423673, 28.9796014 ], [ 82.542319, 28.9796218 ], [ 82.542377, 28.979727 ] ] ] } },
{ "type": "Feature", "properties": { "element": "way", "id": 302315431, "building": "yes", "bldg_type": "default", "area_m2": 256.24517989013049, "replacement_value": 179371.62592309134 }, "geometry": { "type": "Polygon", "coordinates": [ [ [ 82.5430155, 28.9797156 ], [ 82.5430841, 28.9796755 ], [ 82.5429019, 28.9794364 ], [ 82.5428332, 28.9794765 ], [ 82.5430155, 28.9797156 ] ] ] } },
{ "type": "Feature", "properties": { "element": "way", "id": 302315432, "building": "yes", "bldg_type": "default", "area_m2": 49.923867587983835, "replacement_value": 34946.707311588681 }, "geometry": { "type": "Polygon", "coordinates": [ [ [ 82.5414211, 28.9783048 ], [ 82.5414707, 28.9782797 ], [ 82.5414217, 28.9782084 ], [ 82.5413751, 28.9782336 ], [ 82.5414211, 28.9783048 ] ] ] } },
{ "type": "Feature", "properties": { "element": "way", "id": 302315433, "building": "yes", "bldg_type": "default", "area_m2": 28.043265869697507, "replacement_value": 19630.286108788256 }, "geometry": { "type": "Polygon", "coordinates": [ [ [ 82.5428774, 28.9801628 ], [ 82.542845, 28.9801866 ], [ 82.5428901, 28.9802336 ], [ 82.5429225, 28.9802098 ], [ 82.5428774, 28.9801628 ] ] ] } },
{ "type": "Feature", "properties": { "element": "way", "id": 302315435, "building": "yes", "bldg_type": "default", "area_m2": 42.332090403708591, "replacement_value": 29632.463282596014 }, "geometry": { "type": "Polygon", "coordinates": [ [ [ 82.542428, 28.9798131 ], [ 82.5424731, 28.9797981 ], [ 82.54244, 28.9797222 ], [ 82.5423949, 28.9797373 ], [ 82.542428, 28.9798131 ] ] ] } },
{ "type": "Feature", "properties": { "element": "way", "id": 302315436, "building": "yes", "bldg_type": "default", "area_m2": 55.710399520847503, "replacement_value": 38997.279664593254 }, "geometry": { "type": "Polygon", "coordinates": [ [ [ 82.541503, 28.9786411 ], [ 82.5415536, 28.9786185 ], [ 82.5415063, 28.9785377 ], [ 82.5414557, 28.9785603 ], [ 82.541503, 28.9786411 ] ] ] } },
{ "type": "Feature", "properties": { "element": "way", "id": 302315437, "building": "yes", "bldg_type": "default", "area_m2": 20.054989003700268, "replacement_value": 14038.492302590188 }, "geometry": { "type": "Polygon", "coordinates": [ [ [ 82.5433208, 28.980543 ], [ 82.5433702, 28.9805655 ], [ 82.5433878, 28.980536 ], [ 82.5433384, 28.9805134 ], [ 82.5433208, 28.980543 ] ] ] } },
{ "type": "Feature", "properties": { "element": "way", "id": 302315438, "building": "yes", "bldg_type": "default", "area_m2": 33.511773968494587, "replacement_value": 23458.241777946212 }, "geometry": { "type": "Polygon", "coordinates": [ [ [ 82.5428132, 28.9801005 ], [ 82.5427807, 28.9801242 ], [ 82.5428344, 28.9801805 ], [ 82.5428669, 28.9801568 ], [ 82.5428132, 28.9801005 ] ] ] } },
{ "type": "Feature", "properties": { "element": "way", "id": 302315442, "building": "yes", "bldg_type": "default", "area_m2": 53.419928851500721, "replacement_value": 37393.950196050508 }, "geometry": { "type": "Polygon", "coordinates": [ [ [ 82.543672, 28.9807781 ], [ 82.5437364, 28.9808419 ], [ 82.54378, 28.9808083 ], [ 82.5437156, 28.9807445 ], [ 82.543672, 28.9807781 ] ] ] } },
{ "type": "Feature", "properties": { "element": "way", "id": 302315445, "building": "yes", "bldg_type": "default", "area_m2": 43.165378873564578, "replacement_value": 30215.765211495203 }, "geometry": { "type": "Polygon", "coordinates": [ [ [ 82.5443459, 28.9814353 ], [ 82.5443935, 28.9814178 ], [ 82.5443591, 28.9813464 ], [ 82.5443116, 28.9813639 ], [ 82.5443459, 28.9814353 ] ] ] } },
{ "type": "Feature", "properties": { "element": "way", "id": 302315446, "building": "yes", "bldg_type": "default", "area_m2": 143.95178138059293, "replacement_value": 100766.24696641506 }, "geometry": { "type": "Polygon", "coordinates": [ [ [ 82.5430501, 28.9799751 ], [ 82.5430925, 28.9800374 ], [ 82.5432504, 28.9799551 ], [ 82.543208, 28.9798928 ], [ 82.5430501, 28.9799751 ] ] ] } },
{ "type": "Feature", "properties": { "element": "way", "id": 302315448, "building": "yes", "bldg_type": "default", "area_m2": 48.046082682471081, "replacement_value": 33632.257877729753 }, "geometry": { "type": "Polygon", "coordinates": [ [ [ 82.5436718, 28.9805533 ], [ 82.5437259, 28.9806262 ], [ 82.5437688, 28.9806017 ], [ 82.5437147, 28.9805289 ], [ 82.5436718, 28.9805533 ] ] ] } },
{ "type": "Feature", "properties": { "element": "way", "id": 302315451, "building": "yes", "bldg_type": "default", "area_m2": 24.887593497847636, "replacement_value": 17421.315448493344 }, "geometry": { "type": "Polygon", "coordinates": [ [ [ 82.5441079, 28.981367 ], [ 82.5441433, 28.9813492 ], [ 82.5441111, 28.9813003 ], [ 82.5440757, 28.9813182 ], [ 82.5441079, 28.981367 ] ] ] } },
{ "type": "Feature", "properties": { "element": "way", "id": 302315452, "building": "yes", "bldg_type": "default", "area_m2": 86.497439617787634, "replacement_value": 60548.207732451345 }, "geometry": { "type": "Polygon", "coordinates": [ [ [ 82.5431157, 28.9798644 ], [ 82.5431699, 28.9798427 ], [ 82.5431061, 28.9797205 ], [ 82.5430519, 28.9797422 ], [ 82.5431157, 28.9798644 ] ] ] } },
{ "type": "Feature", "properties": { "element": "way", "id": 302315458, "building": "yes", "bldg_type": "default", "area_m2": 49.419451308962593, "replacement_value": 34593.615916273819 }, "geometry": { "type": "Polygon", "coordinates": [ [ [ 82.5415395, 28.9784683 ], [ 82.5415777, 28.9784483 ], [ 82.5415176, 28.97836 ], [ 82.5414794, 28.97838 ], [ 82.5415395, 28.9784683 ] ] ] } },
{ "type": "Feature", "properties": { "element": "way", "id": 302315460, "building": "yes", "bldg_type": "default", "area_m2": 39.987037427808126, "replacement_value": 27990.926199465688 }, "geometry": { "type": "Polygon", "coordinates": [ [ [ 82.5419941, 28.9792821 ], [ 82.5420437, 28.9793441 ], [ 82.5420838, 28.9793195 ], [ 82.5420342, 28.9792576 ], [ 82.5419941, 28.9792821 ] ] ] } },
{ "type": "Feature", "properties": { "element": "way", "id": 302315461, "building": "yes", "bldg_type": "default", "area_m2": 35.332277249612879, "replacement_value": 24732.594074729015 }, "geometry": { "type": "Polygon", "coordinates": [ [ [ 82.5423241, 28.9796054 ], [ 82.5423604, 28.9795828 ], [ 82.5423119, 28.979523 ], [ 82.5422755, 28.9795456 ], [ 82.5423241, 28.9796054 ] ] ] } },
{ "type": "Feature", "properties": { "element": "way", "id": 302315462, "building": "yes", "bldg_type": "default", "area_m2": 48.611749547697542, "replacement_value": 34028.224683388282 }, "geometry": { "type": "Polygon", "coordinates": [ [ [ 82.5436162, 28.9813689 ], [ 82.5436629, 28.9813435 ], [ 82.5436135, 28.981274 ], [ 82.5435668, 28.9812994 ], [ 82.5436162, 28.9813689 ] ] ] } },
{ "type": "Feature", "properties": { "element": "way", "id": 302315465, "building": "yes", "bldg_type": "default", "area_m2": 45.232445747915477, "replacement_value": 31662.712023540833 }, "geometry": { "type": "Polygon", "coordinates": [ [ [ 82.541266, 28.9783746 ], [ 82.5413156, 28.9783594 ], [ 82.5412855, 28.9782842 ], [ 82.5412359, 28.9782994 ], [ 82.541266, 28.9783746 ] ] ] } },
{ "type": "Feature", "properties": { "element": "way", "id": 302315466, "building": "yes", "bldg_type": "default", "area_m2": 41.812853541797018, "replacement_value": 29268.997479257912 }, "geometry": { "type": "Polygon", "coordinates": [ [ [ 82.5420058, 28.97922 ], [ 82.5420345, 28.9792514 ], [ 82.5421097, 28.9791988 ], [ 82.542081, 28.9791674 ], [ 82.5420058, 28.97922 ] ] ] } },
{ "type": "Feature", "properties": { "element": "way", "id": 302315467, "building": "yes", "bldg_type": "default", "area_m2": 42.259593295521, "replacement_value": 29581.715306864699 }, "geometry": { "type": "Polygon", "coordinates": [ [ [ 82.5413751, 28.9782336 ], [ 82.5414217, 28.9782084 ], [ 82.5413787, 28.9781477 ], [ 82.5413321, 28.9781729 ], [ 82.5413751, 28.9782336 ] ] ] } },
{ "type": "Feature", "properties": { "element": "way", "id": 302316860, "building": "yes", "bldg_type": "default", "area_m2": 37.5308924810398, "replacement_value": 26271.624736727859 }, "geometry": { "type": "Polygon", "coordinates": [ [ [ 82.5375288, 28.9755951 ], [ 82.5375353, 28.97555 ], [ 82.5374594, 28.9755417 ], [ 82.537453, 28.9755868 ], [ 82.5375288, 28.9755951 ] ] ] } },
{ "type": "Feature", "properties": { "element": "way", "id": 302316862, "building": "yes", "bldg_type": "default", "area_m2": 20.146799310870044, "replacement_value": 14102.759517609031 }, "geometry": { "type": "Polygon", "coordinates": [ [ [ 82.5409345, 28.9777589 ], [ 82.54098, 28.9777244 ], [ 82.5409568, 28.977701 ], [ 82.5409113, 28.9777355 ], [ 82.5409345, 28.9777589 ] ] ] } },
{ "type": "Feature", "properties": { "element": "way", "id": 302316864, "building": "yes", "bldg_type": "default", "area_m2": 32.273915231647834, "replacement_value": 22591.740662153483 }, "geometry": { "type": "Polygon", "coordinates": [ [ [ 82.5407651, 28.9775849 ], [ 82.5408106, 28.9776327 ], [ 82.5408475, 28.9776058 ], [ 82.540802, 28.977558 ], [ 82.5407651, 28.9775849 ] ] ] } },
{ "type": "Feature", "properties": { "element": "way", "id": 302316865, "building": "yes", "bldg_type": "default", "area_m2": 26.823305084410439, "replacement_value": 18776.313559087306 }, "geometry": { "type": "Polygon", "coordinates": [ [ [ 82.5409562, 28.9776891 ], [ 82.5410124, 28.9777263 ], [ 82.5410367, 28.9776982 ], [ 82.5409805, 28.977661 ], [ 82.5409562, 28.9776891 ] ] ] } },
{ "type": "Feature", "properties": { "element": "way", "id": 302316866, "building": "yes", "bldg_type": "default", "area_m2": 37.79240732900017, "replacement_value": 26454.68513030012 }, "geometry": { "type": "Polygon", "coordinates": [ [ [ 82.5411885, 28.9780435 ], [ 82.5412295, 28.9780169 ], [ 82.5411829, 28.9779618 ], [ 82.5411419, 28.9779884 ], [ 82.5411885, 28.9780435 ] ] ] } },
{ "type": "Feature", "properties": { "element": "way", "id": 302316867, "building": "yes", "bldg_type": "default", "area_m2": 61.980548700177458, "replacement_value": 43386.384090124222 }, "geometry": { "type": "Polygon", "coordinates": [ [ [ 82.5407208, 28.9777262 ], [ 82.5407664, 28.9777754 ], [ 82.5408368, 28.9777254 ], [ 82.5407912, 28.9776763 ], [ 82.5407208, 28.9777262 ] ] ] } },
{ "type": "Feature", "properties": { "element": "way", "id": 302316868, "building": "yes", "bldg_type": "default", "area_m2": 79.75798098109675, "replacement_value": 55830.586686767725 }, "geometry": { "type": "Polygon", "coordinates": [ [ [ 82.5364256, 28.9749284 ], [ 82.5364885, 28.9748871 ], [ 82.5364241, 28.974812 ], [ 82.5363612, 28.9748532 ], [ 82.5364256, 28.9749284 ] ] ] } },
{ "type": "Feature", "properties": { "element": "way", "id": 302316869, "building": "yes", "bldg_type": "default", "area_m2": 35.391211050610984, "replacement_value": 24773.847735427687 }, "geometry": { "type": "Polygon", "coordinates": [ [ [ 82.5409811, 28.9777837 ], [ 82.5410151, 28.9778043 ], [ 82.5410667, 28.9777392 ], [ 82.5410327, 28.9777186 ], [ 82.5409811, 28.9777837 ] ] ] } },
{ "type": "Feature", "properties": { "element": "way", "id": 302316870, "building": "yes", "bldg_type": "default", "area_m2": 40.141471542393191, "replacement_value": 28099.030079675234 }, "geometry": { "type": "Polygon", "coordinates": [ [ [ 82.5373715, 28.9755164 ], [ 82.5373579, 28.9755628 ], [ 82.5374331, 28.9755797 ], [ 82.5374467, 28.9755334 ], [ 82.5373715, 28.9755164 ] ] ] } },
{ "type": "Feature", "properties": { "element": "way", "id": 302316871, "building": "yes", "bldg_type": "default", "area_m2": 73.346142622444589, "replacement_value": 51342.299835711216 }, "geometry": { "type": "Polygon", "coordinates": [ [ [ 82.5410358, 28.9777974 ], [ 82.5411186, 28.977849 ], [ 82.5411629, 28.9777946 ], [ 82.5410802, 28.977743 ], [ 82.5410358, 28.9777974 ] ] ] } },
{ "type": "Feature", "properties": { "element": "way", "id": 302316872, "building": "yes", "bldg_type": "default", "area_m2": 35.110789534473753, "replacement_value": 24577.552674131628 }, "geometry": { "type": "Polygon", "coordinates": [ [ [ 82.537644, 28.9755018 ], [ 82.537717, 28.9755225 ], [ 82.5377319, 28.9754822 ], [ 82.5376589, 28.9754615 ], [ 82.537644, 28.9755018 ] ] ] } },
{ "type": "Feature", "properties": { "element": "way", "id": 302316873, "building": "yes", "bldg_type": "default", "area_m2": 59.849911045609716, "replacement_value": 41894.937731926802 }, "geometry": { "type": "Polygon", "coordinates": [ [ [ 82.5372293, 28.9755141 ], [ 82.5372959, 28.9755818 ], [ 82.5373429, 28.9755463 ], [ 82.5372763, 28.9754787 ], [ 82.5372293, 28.9755141 ] ] ] } },
{ "type": "Feature", "properties": { "element": "way", "id": 302316874, "building": "yes", "bldg_type": "default", "area_m2": 90.359614367518432, "replacement_value": 63251.730057262903 }, "geometry": { "type": "Polygon", "coordinates": [ [ [ 82.5410843, 28.977897 ], [ 82.5411558, 28.9779625 ], [ 82.5412226, 28.9779067 ], [ 82.5411511, 28.9778412 ], [ 82.5410843, 28.977897 ] ] ] } },
{ "type": "Feature", "properties": { "element": "way", "id": 302316875, "building": "yes", "bldg_type": "default", "area_m2": 80.039441873197191, "replacement_value": 56027.609311238033 }, "geometry": { "type": "Polygon", "coordinates": [ [ [ 82.5376119, 28.9755793 ], [ 82.5377171, 28.9756244 ], [ 82.5377489, 28.9755676 ], [ 82.5376437, 28.9755225 ], [ 82.5376119, 28.9755793 ] ] ] } },
{ "type": "Feature", "properties": { "element": "way", "id": 302316876, "building": "yes", "bldg_type": "default", "area_m2": 74.122513172657293, "replacement_value": 51885.759220860105 }, "geometry": { "type": "Polygon", "coordinates": [ [ [ 82.5368153, 28.9749708 ], [ 82.5369077, 28.9750347 ], [ 82.536949, 28.974989 ], [ 82.5368566, 28.9749251 ], [ 82.5368153, 28.9749708 ] ] ] } },
{ "type": "Feature", "properties": { "element": "way", "id": 302316877, "building": "yes", "bldg_type": "default", "area_m2": 26.298684562085274, "replacement_value": 18409.079193459693 }, "geometry": { "type": "Polygon", "coordinates": [ [ [ 82.5374999, 28.9753991 ], [ 82.5375621, 28.9754217 ], [ 82.5375779, 28.9753883 ], [ 82.5375157, 28.9753657 ], [ 82.5374999, 28.9753991 ] ] ] } },
{ "type": "Feature", "properties": { "element": "way", "id": 302316878, "building": "yes", "bldg_type": "default", "area_m2": 60.891110364188997, "replacement_value": 42623.777254932298 }, "geometry": { "type": "Polygon", "coordinates": [ [ [ 82.5407864, 28.9777949 ], [ 82.5407858, 28.9777943 ], [ 82.5407462, 28.9778263 ], [ 82.5408038, 28.9778808 ], [ 82.5408434, 28.9778488 ], [ 82.5408083, 28.9778155 ], [ 82.5408509, 28.9777811 ], [ 82.5408291, 28.9777604 ], [ 82.5407864, 28.9777949 ] ] ] } },
{ "type": "Feature", "properties": { "element": "way", "id": 302317564, "building": "yes", "bldg_type": "default", "area_m2": 47.448718621344618, "replacement_value": 33214.103034941232 }, "geometry": { "type": "Polygon", "coordinates": [ [ [ 82.5228299, 28.958881 ], [ 82.5229089, 28.9589116 ], [ 82.5229324, 28.9588651 ], [ 82.5228535, 28.9588345 ], [ 82.5228299, 28.958881 ] ] ] } },
{ "type": "Feature", "properties": { "element": "way", "id": 302317565, "building": "yes", "bldg_type": "default", "area_m2": 56.89858811080245, "replacement_value": 39829.011677561713 }, "geometry": { "type": "Polygon", "coordinates": [ [ [ 82.5217925, 28.9589571 ], [ 82.5218639, 28.9590169 ], [ 82.521906, 28.9589784 ], [ 82.5218346, 28.9589186 ], [ 82.5217925, 28.9589571 ] ] ] } },
{ "type": "Feature", "properties": { "element": "way", "id": 302317566, "building": "yes", "bldg_type": "default", "area_m2": 48.589478238904007, "replacement_value": 34012.634767232805 }, "geometry": { "type": "Polygon", "coordinates": [ [ [ 82.5226994, 28.959174 ], [ 82.5227844, 28.9592033 ], [ 82.522805, 28.9591575 ], [ 82.5227199, 28.9591282 ], [ 82.5226994, 28.959174 ] ] ] } },
{ "type": "Feature", "properties": { "element": "way", "id": 302317567, "building": "yes", "bldg_type": "default", "area_m2": 39.422521486119251, "replacement_value": 27595.765040283477 }, "geometry": { "type": "Polygon", "coordinates": [ [ [ 82.522204, 28.9589133 ], [ 82.5222738, 28.9589598 ], [ 82.5223026, 28.9589267 ], [ 82.5222327, 28.9588802 ], [ 82.522204, 28.9589133 ] ] ] } },
{ "type": "Feature", "properties": { "element": "way", "id": 302317568, "building": "yes", "bldg_type": "default", "area_m2": 69.629904232774848, "replacement_value": 48740.932962942396 }, "geometry": { "type": "Polygon", "coordinates": [ [ [ 82.5215393, 28.9583409 ], [ 82.5216441, 28.9583781 ], [ 82.5216686, 28.9583253 ], [ 82.5215638, 28.9582881 ], [ 82.5215393, 28.9583409 ] ] ] } },
{ "type": "Feature", "properties": { "element": "way", "id": 302317569, "building": "yes", "bldg_type": "default", "area_m2": 44.39906848785553, "replacement_value": 31079.347941498872 }, "geometry": { "type": "Polygon", "coordinates": [ [ [ 82.5223963, 28.9590543 ], [ 82.5224631, 28.9591101 ], [ 82.5224982, 28.9590779 ], [ 82.5224314, 28.9590221 ], [ 82.5223963, 28.9590543 ] ] ] } },
{ "type": "Feature", "properties": { "element": "way", "id": 302317570, "building": "yes", "bldg_type": "default", "area_m2": 47.801074566972204, "replacement_value": 33460.752196880545 }, "geometry": { "type": "Polygon", "coordinates": [ [ [ 82.521709, 28.9584346 ], [ 82.521791, 28.9584638 ], [ 82.5218125, 28.9584175 ], [ 82.5217305, 28.9583883 ], [ 82.521709, 28.9584346 ] ] ] } },
{ "type": "Feature", "properties": { "element": "way", "id": 302317571, "building": "yes", "bldg_type": "default", "area_m2": 37.780167741682753, "replacement_value": 26446.117419177928 }, "geometry": { "type": "Polygon", "coordinates": [ [ [ 82.522628, 28.9593646 ], [ 82.5226979, 28.9593992 ], [ 82.5227224, 28.9593613 ], [ 82.5226525, 28.9593267 ], [ 82.522628, 28.9593646 ] ] ] } },
{ "type": "Feature", "properties": { "element": "way", "id": 302317572, "building": "yes", "bldg_type": "default", "area_m2": 50.47151512501825, "replacement_value": 35330.060587512773 }, "geometry": { "type": "Polygon", "coordinates": [ [ [ 82.5225271, 28.9590789 ], [ 82.5226167, 28.9590829 ], [ 82.5226198, 28.9590309 ], [ 82.5225302, 28.9590269 ], [ 82.5225271, 28.9590789 ] ] ] } },
{ "type": "Feature", "properties": { "element": "way", "id": 302317573, "building": "yes", "bldg_type": "default", "area_m2": 58.785920585357594, "replacement_value": 41150.144409750319 }, "geometry": { "type": "Polygon", "coordinates": [ [ [ 82.5227512, 28.9592653 ], [ 82.5228499, 28.9593079 ], [ 82.5228749, 28.9592635 ], [ 82.5227761, 28.959221 ], [ 82.5227512, 28.9592653 ] ] ] } },
{ "type": "Feature", "properties": { "element": "way", "id": 302318591, "building": "yes", "bldg_type": "default", "area_m2": 35.1943906402756, "replacement_value": 24636.073448192921 }, "geometry": { "type": "Polygon", "coordinates": [ [ [ 82.5183229, 28.9348223 ], [ 82.5183638, 28.9347975 ], [ 82.5183212, 28.9347437 ], [ 82.5182803, 28.9347684 ], [ 82.5183229, 28.9348223 ] ] ] } },
{ "type": "Feature", "properties": { "element": "way", "id": 302318592, "building": "yes", "bldg_type": "default", "area_m2": 40.616643399316821, "replacement_value": 28431.650379521776 }, "geometry": { "type": "Polygon", "coordinates": [ [ [ 82.5169845, 28.9348579 ], [ 82.5170293, 28.9348387 ], [ 82.5169915, 28.9347711 ], [ 82.5169466, 28.9347903 ], [ 82.5169845, 28.9348579 ] ] ] } },
{ "type": "Feature", "properties": { "element": "way", "id": 302318594, "building": "yes", "bldg_type": "default", "area_m2": 48.742267656882561, "replacement_value": 34119.587359817793 }, "geometry": { "type": "Polygon", "coordinates": [ [ [ 82.5176114, 28.9365415 ], [ 82.5176544, 28.9365144 ], [ 82.5175976, 28.9364453 ], [ 82.5175546, 28.9364724 ], [ 82.5176114, 28.9365415 ] ] ] } },
{ "type": "Feature", "properties": { "element": "way", "id": 302318595, "building": "yes", "bldg_type": "default", "area_m2": 47.666429604575498, "replacement_value": 33366.500723202851 }, "geometry": { "type": "Polygon", "coordinates": [ [ [ 82.5173618, 28.9346787 ], [ 82.517403, 28.9346488 ], [ 82.5173431, 28.9345853 ], [ 82.5173018, 28.9346151 ], [ 82.5173618, 28.9346787 ] ] ] } },
{ "type": "Feature", "properties": { "element": "way", "id": 302318596, "building": "yes", "bldg_type": "default", "area_m2": 41.531108357137967, "replacement_value": 29071.775849996578 }, "geometry": { "type": "Polygon", "coordinates": [ [ [ 82.517073, 28.9364358 ], [ 82.5171196, 28.9364288 ], [ 82.5171038, 28.9363487 ], [ 82.5170572, 28.9363557 ], [ 82.517073, 28.9364358 ] ] ] } },
{ "type": "Feature", "properties": { "element": "way", "id": 302318597, "building": "yes", "bldg_type": "default", "area_m2": 49.577738642858407, "replacement_value": 34704.417050000884 }, "geometry": { "type": "Polygon", "coordinates": [ [ [ 82.5171045, 28.9342561 ], [ 82.5171578, 28.9342492 ], [ 82.5171436, 28.934165 ], [ 82.5170903, 28.9341718 ], [ 82.5171045, 28.9342561 ] ] ] } },
{ "type": "Feature", "properties": { "element": "way", "id": 302318599, "building": "yes", "bldg_type": "default", "area_m2": 38.857531362867178, "replacement_value": 27200.271954007025 }, "geometry": { "type": "Polygon", "coordinates": [ [ [ 82.5181077, 28.9364633 ], [ 82.5181464, 28.9364387 ], [ 82.5180959, 28.9363779 ], [ 82.5180572, 28.9364026 ], [ 82.5181077, 28.9364633 ] ] ] } },
{ "type": "Feature", "properties": { "element": "way", "id": 302318600, "building": "yes", "bldg_type": "default", "area_m2": 48.061899653341627, "replacement_value": 33643.329757339139 }, "geometry": { "type": "Polygon", "coordinates": [ [ [ 82.5170698, 28.9365587 ], [ 82.517123, 28.9365373 ], [ 82.5170867, 28.9364683 ], [ 82.5170335, 28.9364897 ], [ 82.5170698, 28.9365587 ] ] ] } },
{ "type": "Feature", "properties": { "element": "way", "id": 302318601, "building": "yes", "bldg_type": "default", "area_m2": 58.647516650438064, "replacement_value": 41053.261655306647 }, "geometry": { "type": "Polygon", "coordinates": [ [ [ 82.5172276, 28.9343873 ], [ 82.5172815, 28.9343732 ], [ 82.5172499, 28.9342807 ], [ 82.5171961, 28.9342947 ], [ 82.5172276, 28.9343873 ] ] ] } },
{ "type": "Feature", "properties": { "element": "way", "id": 302318602, "building": "yes", "bldg_type": "default", "area_m2": 55.800694881690475, "replacement_value": 39060.486417183332 }, "geometry": { "type": "Polygon", "coordinates": [ [ [ 82.516861, 28.934644 ], [ 82.5169203, 28.9346214 ], [ 82.5168841, 28.9345482 ], [ 82.5168247, 28.9345708 ], [ 82.516861, 28.934644 ] ] ] } },
{ "type": "Feature", "properties": { "element": "way", "id": 302318603, "building": "yes", "bldg_type": "default", "area_m2": 22.733122192078074, "replacement_value": 15913.185534454651 }, "geometry": { "type": "Polygon", "coordinates": [ [ [ 82.5178935, 28.9340406 ], [ 82.5179245, 28.9340189 ], [ 82.5178867, 28.9339775 ], [ 82.5178557, 28.9339992 ], [ 82.5178935, 28.9340406 ] ] ] } },
{ "type": "Feature", "properties": { "element": "way", "id": 302318604, "building": "yes", "bldg_type": "default", "area_m2": 32.40483252330089, "replacement_value": 22683.382766310624 }, "geometry": { "type": "Polygon", "coordinates": [ [ [ 82.5179714, 28.9364048 ], [ 82.5180045, 28.9363816 ], [ 82.517954, 28.9363264 ], [ 82.5179209, 28.9363496 ], [ 82.5179714, 28.9364048 ] ] ] } },
{ "type": "Feature", "properties": { "element": "way", "id": 302318607, "building": "yes", "bldg_type": "default", "area_m2": 47.509521418420633, "replacement_value": 33256.664992894446 }, "geometry": { "type": "Polygon", "coordinates": [ [ [ 82.5175274, 28.9344384 ], [ 82.5175729, 28.9344185 ], [ 82.5175287, 28.9343411 ], [ 82.5174833, 28.934361 ], [ 82.5175274, 28.9344384 ] ] ] } },
{ "type": "Feature", "properties": { "element": "way", "id": 302318608, "building": "yes", "bldg_type": "default", "area_m2": 34.913871461500825, "replacement_value": 24439.710023050578 }, "geometry": { "type": "Polygon", "coordinates": [ [ [ 82.5183672, 28.9365777 ], [ 82.5184119, 28.9365746 ], [ 82.5184056, 28.9365028 ], [ 82.5183609, 28.9365058 ], [ 82.5183672, 28.9365777 ] ] ] } },
{ "type": "Feature", "properties": { "element": "way", "id": 302318610, "building": "yes", "bldg_type": "default", "area_m2": 37.674134167545446, "replacement_value": 26371.893917281814 }, "geometry": { "type": "Polygon", "coordinates": [ [ [ 82.5177357, 28.9340572 ], [ 82.5177814, 28.9340472 ], [ 82.5177609, 28.9339754 ], [ 82.5177152, 28.9339854 ], [ 82.5177357, 28.9340572 ] ] ] } },
{ "type": "Feature", "properties": { "element": "way", "id": 302318612, "building": "yes", "bldg_type": "default", "area_m2": 52.602467903740042, "replacement_value": 36821.727532618032 }, "geometry": { "type": "Polygon", "coordinates": [ [ [ 82.5175782, 28.9363057 ], [ 82.5176331, 28.9363087 ], [ 82.5176394, 28.9362203 ], [ 82.5175846, 28.9362173 ], [ 82.5175782, 28.9363057 ] ] ] } },
{ "type": "Feature", "properties": { "element": "way", "id": 302318618, "building": "yes", "bldg_type": "default", "area_m2": 38.152586324144025, "replacement_value": 26706.810426900818 }, "geometry": { "type": "Polygon", "coordinates": [ [ [ 82.5171724, 28.9365532 ], [ 82.5172213, 28.9366181 ], [ 82.5172592, 28.9365962 ], [ 82.5172103, 28.9365313 ], [ 82.5171724, 28.9365532 ] ] ] } },
{ "type": "Feature", "properties": { "element": "way", "id": 302318620, "building": "yes", "bldg_type": "default", "area_m2": 38.223443628248582, "replacement_value": 26756.410539774006 }, "geometry": { "type": "Polygon", "coordinates": [ [ [ 82.5184587, 28.9367003 ], [ 82.5185044, 28.9367003 ], [ 82.5185044, 28.9366229 ], [ 82.5184587, 28.9366229 ], [ 82.5184587, 28.9367003 ] ] ] } },
{ "type": "Feature", "properties": { "element": "way", "id": 302318622, "building": "yes", "bldg_type": "default", "area_m2": 35.441380629734823, "replacement_value": 24808.966440814376 }, "geometry": { "type": "Polygon", "coordinates": [ [ [ 82.5173223, 28.9338238 ], [ 82.5173679, 28.9338122 ], [ 82.5173458, 28.9337459 ], [ 82.5173002, 28.9337575 ], [ 82.5173223, 28.9338238 ] ] ] } },
{ "type": "Feature", "properties": { "element": "way", "id": 302318623, "building": "yes", "bldg_type": "default", "area_m2": 53.779296511551635, "replacement_value": 37645.507558086145 }, "geometry": { "type": "Polygon", "coordinates": [ [ [ 82.5169025, 28.9339522 ], [ 82.5169625, 28.9340213 ], [ 82.5170082, 28.9339909 ], [ 82.5169482, 28.9339219 ], [ 82.5169025, 28.9339522 ] ] ] } },
{ "type": "Feature", "properties": { "element": "way", "id": 302318625, "building": "yes", "bldg_type": "default", "area_m2": 43.145270492714644, "replacement_value": 30201.689344900253 }, "geometry": { "type": "Polygon", "coordinates": [ [ [ 82.5171303, 28.9378077 ], [ 82.5171717, 28.9377947 ], [ 82.5171365, 28.9377092 ], [ 82.5170952, 28.9377221 ], [ 82.5171303, 28.9378077 ] ] ] } },
{ "type": "Feature", "properties": { "element": "way", "id": 302318626, "building": "yes", "bldg_type": "default", "area_m2": 11.25501528878838, "replacement_value": 7878.5107021518661 }, "geometry": { "type": "Polygon", "coordinates": [ [ [ 82.5182519, 28.9347546 ], [ 82.518293, 28.9347325 ], [ 82.51828, 28.9347141 ], [ 82.518239, 28.9347362 ], [ 82.5182519, 28.9347546 ] ] ] } },
{ "type": "Feature", "properties": { "element": "way", "id": 302318630, "building": "yes", "bldg_type": "default", "area_m2": 134.50748543999731, "replacement_value": 94155.239807998121 }, "geometry": { "type": "Polygon", "coordinates": [ [ [ 82.5168789, 28.9376665 ], [ 82.5170492, 28.9376641 ], [ 82.5170479, 28.937591 ], [ 82.5168775, 28.9375935 ], [ 82.5168789, 28.9376665 ] ] ] } },
{ "type": "Feature", "properties": { "element": "way", "id": 302319363, "building": "yes", "bldg_type": "default", "area_m2": 24.494757411298213, "replacement_value": 17146.330187908748 }, "geometry": { "type": "Polygon", "coordinates": [ [ [ 82.517792, 28.9360542 ], [ 82.5178326, 28.9360491 ], [ 82.5178236, 28.9359944 ], [ 82.517783, 28.9359995 ], [ 82.517792, 28.9360542 ] ] ] } },
{ "type": "Feature", "properties": { "element": "way", "id": 302319365, "building": "yes", "bldg_type": "default", "area_m2": 44.638966693604068, "replacement_value": 31247.276685522847 }, "geometry": { "type": "Polygon", "coordinates": [ [ [ 82.5178321, 28.9359448 ], [ 82.5178847, 28.9359414 ], [ 82.517878, 28.9358633 ], [ 82.5178254, 28.9358667 ], [ 82.5178321, 28.9359448 ] ] ] } },
{ "type": "Feature", "properties": { "element": "way", "id": 302319366, "building": "yes", "bldg_type": "default", "area_m2": 55.935174309202381, "replacement_value": 39154.622016441666 }, "geometry": { "type": "Polygon", "coordinates": [ [ [ 82.5170895, 28.9308413 ], [ 82.5171326, 28.9308756 ], [ 82.5172009, 28.9308099 ], [ 82.5171577, 28.9307756 ], [ 82.5170895, 28.9308413 ] ] ] } },
{ "type": "Feature", "properties": { "element": "way", "id": 302319367, "building": "yes", "bldg_type": "default", "area_m2": 45.46630854029052, "replacement_value": 31826.415978203364 }, "geometry": { "type": "Polygon", "coordinates": [ [ [ 82.5182067, 28.9357906 ], [ 82.5182566, 28.9357834 ], [ 82.518241, 28.9357013 ], [ 82.5181911, 28.9357086 ], [ 82.5182067, 28.9357906 ] ] ] } },
{ "type": "Feature", "properties": { "element": "way", "id": 302319369, "building": "yes", "bldg_type": "default", "area_m2": 64.391658792286776, "replacement_value": 45074.161154600741 }, "geometry": { "type": "Polygon", "coordinates": [ [ [ 82.5170212, 28.9307477 ], [ 82.5170657, 28.930776 ], [ 82.5171385, 28.9306884 ], [ 82.517094, 28.9306601 ], [ 82.5170212, 28.9307477 ] ] ] } },
{ "type": "Feature", "properties": { "element": "way", "id": 302319371, "building": "yes", "bldg_type": "default", "area_m2": 50.873990982818199, "replacement_value": 35611.793687972742 }, "geometry": { "type": "Polygon", "coordinates": [ [ [ 82.5168438, 28.9310653 ], [ 82.5169067, 28.9310475 ], [ 82.5168817, 28.9309798 ], [ 82.5168187, 28.9309976 ], [ 82.5168438, 28.9310653 ] ] ] } },
{ "type": "Feature", "properties": { "element": "way", "id": 302319372, "building": "yes", "bldg_type": "default", "area_m2": 21.864267526243729, "replacement_value": 15304.987268370611 }, "geometry": { "type": "Polygon", "coordinates": [ [ [ 82.5171327, 28.9309627 ], [ 82.5171717, 28.9309727 ], [ 82.5171876, 28.9309249 ], [ 82.5171486, 28.9309149 ], [ 82.5171327, 28.9309627 ] ] ] } },
{ "type": "Feature", "properties": { "element": "way", "id": 349925812, "building": "yes", "bldg_type": "default", "area_m2": 40.553906469115489, "replacement_value": 28387.734528380843 }, "geometry": { "type": "Polygon", "coordinates": [ [ [ 82.5228732, 28.9804331 ], [ 82.5229214, 28.9804997 ], [ 82.5229616, 28.9804774 ], [ 82.5229135, 28.9804108 ], [ 82.5228732, 28.9804331 ] ] ] } },
{ "type": "Feature", "properties": { "element": "way", "id": 349925813, "building": "yes", "bldg_type": "default", "area_m2": 46.09032862698291, "replacement_value": 32263.230038888036 }, "geometry": { "type": "Polygon", "coordinates": [ [ [ 82.545809, 28.9845242 ], [ 82.5458241, 28.984566 ], [ 82.5459169, 28.9845403 ], [ 82.5459018, 28.9844985 ], [ 82.545809, 28.9845242 ] ] ] } },
{ "type": "Feature", "properties": { "element": "way", "id": 349925814, "building": "yes", "bldg_type": "default", "area_m2": 33.695984058042711, "replacement_value": 23587.188840629897 }, "geometry": { "type": "Polygon", "coordinates": [ [ [ 82.5230166, 28.9805404 ], [ 82.5229787, 28.9805618 ], [ 82.5229359, 28.9805036 ], [ 82.5229739, 28.9804823 ], [ 82.5230166, 28.9805404 ] ] ] } },
{ "type": "Feature", "properties": { "element": "way", "id": 349925816, "building": "yes", "bldg_type": "default", "area_m2": 28.980424335092216, "replacement_value": 20286.297034564552 }, "geometry": { "type": "Polygon", "coordinates": [ [ [ 82.5230213, 28.9803789 ], [ 82.5230612, 28.9804347 ], [ 82.5230958, 28.9804158 ], [ 82.5230558, 28.98036 ], [ 82.5230213, 28.9803789 ] ] ] } },
{ "type": "Feature", "properties": { "element": "way", "id": 349925818, "building": "yes", "bldg_type": "default", "area_m2": 46.016692593599643, "replacement_value": 32211.684815519751 }, "geometry": { "type": "Polygon", "coordinates": [ [ [ 82.5225275, 28.9806046 ], [ 82.5225953, 28.9806709 ], [ 82.522631, 28.9806429 ], [ 82.5225632, 28.9805767 ], [ 82.5225275, 28.9806046 ] ] ] } },
{ "type": "Feature", "properties": { "element": "way", "id": 349925819, "building": "yes", "bldg_type": "default", "area_m2": 40.130684115930862, "replacement_value": 28091.478881151605 }, "geometry": { "type": "Polygon", "coordinates": [ [ [ 82.5453007, 28.9841687 ], [ 82.5453183, 28.9842133 ], [ 82.5453927, 28.9841908 ], [ 82.5453752, 28.9841462 ], [ 82.5453007, 28.9841687 ] ] ] } },
{ "type": "Feature", "properties": { "element": "way", "id": 349925822, "building": "yes", "bldg_type": "default", "area_m2": 47.104416874020615, "replacement_value": 32973.091811814433 }, "geometry": { "type": "Polygon", "coordinates": [ [ [ 82.5446492, 28.9831611 ], [ 82.5446974, 28.9832281 ], [ 82.544744, 28.9832024 ], [ 82.5446958, 28.9831354 ], [ 82.5446492, 28.9831611 ] ] ] } },
{ "type": "Feature", "properties": { "element": "way", "id": 349925823, "building": "yes", "bldg_type": "default", "area_m2": 49.993343298833224, "replacement_value": 34995.340309183259 }, "geometry": { "type": "Polygon", "coordinates": [ [ [ 82.5220487, 28.9797715 ], [ 82.5220493, 28.9798558 ], [ 82.5221042, 28.9798555 ], [ 82.5221036, 28.9797712 ], [ 82.5220487, 28.9797715 ] ] ] } },
{ "type": "Feature", "properties": { "element": "way", "id": 349925824, "building": "yes", "bldg_type": "default", "area_m2": 34.371220379136368, "replacement_value": 24059.854265395457 }, "geometry": { "type": "Polygon", "coordinates": [ [ [ 82.5229254, 28.9806609 ], [ 82.5229524, 28.980634 ], [ 82.5228856, 28.9805827 ], [ 82.5228586, 28.9806096 ], [ 82.5229254, 28.9806609 ] ] ] } },
{ "type": "Feature", "properties": { "element": "way", "id": 349925825, "building": "yes", "bldg_type": "default", "area_m2": 33.393537338705315, "replacement_value": 23375.476137093719 }, "geometry": { "type": "Polygon", "coordinates": [ [ [ 82.5224928, 28.9803313 ], [ 82.522554, 28.9803878 ], [ 82.5225828, 28.9803638 ], [ 82.5225216, 28.9803074 ], [ 82.5224928, 28.9803313 ] ] ] } },
{ "type": "Feature", "properties": { "element": "way", "id": 349925826, "building": "yes", "bldg_type": "default", "area_m2": 24.93575817413128, "replacement_value": 17455.030721891897 }, "geometry": { "type": "Polygon", "coordinates": [ [ [ 82.5231324, 28.9805034 ], [ 82.5230955, 28.980435 ], [ 82.5231231, 28.9804236 ], [ 82.52316, 28.980492 ], [ 82.5231324, 28.9805034 ] ] ] } },
{ "type": "Feature", "properties": { "element": "way", "id": 349925829, "building": "yes", "bldg_type": "default", "area_m2": 32.684682583234817, "replacement_value": 22879.277808264371 }, "geometry": { "type": "Polygon", "coordinates": [ [ [ 82.5227555, 28.9804813 ], [ 82.522805, 28.980533 ], [ 82.5228394, 28.9805078 ], [ 82.5227899, 28.9804561 ], [ 82.5227555, 28.9804813 ] ] ] } },
{ "type": "Feature", "properties": { "element": "way", "id": 349925831, "building": "yes", "bldg_type": "default", "area_m2": 48.278875439976026, "replacement_value": 33795.212807983218 }, "geometry": { "type": "Polygon", "coordinates": [ [ [ 82.5222314, 28.9795747 ], [ 82.5221794, 28.9796451 ], [ 82.5221346, 28.9796198 ], [ 82.5221866, 28.9795494 ], [ 82.5222314, 28.9795747 ] ] ] } },
{ "type": "Feature", "properties": { "element": "way", "id": 349925832, "building": "yes", "bldg_type": "default", "area_m2": 37.472464081662807, "replacement_value": 26230.724857163965 }, "geometry": { "type": "Polygon", "coordinates": [ [ [ 82.5228747, 28.9802389 ], [ 82.5229361, 28.9802973 ], [ 82.5229683, 28.9802714 ], [ 82.5229068, 28.980213 ], [ 82.5228747, 28.9802389 ] ] ] } },
{ "type": "Feature", "properties": { "element": "way", "id": 349925833, "building": "yes", "bldg_type": "default", "area_m2": 34.737084485604399, "replacement_value": 24315.959139923078 }, "geometry": { "type": "Polygon", "coordinates": [ [ [ 82.5226137, 28.9805757 ], [ 82.5226824, 28.9806295 ], [ 82.522709, 28.9806035 ], [ 82.5226402, 28.9805497 ], [ 82.5226137, 28.9805757 ] ] ] } },
{ "type": "Feature", "properties": { "element": "way", "id": 349925835, "building": "yes", "bldg_type": "default", "area_m2": 29.912917733020215, "replacement_value": 20939.042413114152 }, "geometry": { "type": "Polygon", "coordinates": [ [ [ 82.5445428, 28.9833194 ], [ 82.5445964, 28.9833605 ], [ 82.5446257, 28.9833313 ], [ 82.5445721, 28.9832902 ], [ 82.5445428, 28.9833194 ] ] ] } },
{ "type": "Feature", "properties": { "element": "way", "id": 349925836, "building": "yes", "bldg_type": "default", "area_m2": 5.6015763033920063, "replacement_value": 3921.1034123744043 }, "geometry": { "type": "Polygon", "coordinates": [ [ [ 82.5222324, 28.9800424 ], [ 82.5222509, 28.980037 ], [ 82.5222414, 28.9800118 ], [ 82.5222228, 28.9800173 ], [ 82.5222324, 28.9800424 ] ] ] } },
{ "type": "Feature", "properties": { "element": "way", "id": 349925837, "building": "yes", "bldg_type": "default", "area_m2": 37.539123342435694, "replacement_value": 26277.386339704986 }, "geometry": { "type": "Polygon", "coordinates": [ [ [ 82.5226969, 28.9804152 ], [ 82.5226503, 28.9803487 ], [ 82.5226884, 28.9803284 ], [ 82.5227349, 28.9803949 ], [ 82.5226969, 28.9804152 ] ] ] } },
{ "type": "Feature", "properties": { "element": "way", "id": 349925838, "building": "yes", "bldg_type": "default", "area_m2": 33.149598820695182, "replacement_value": 23204.719174486629 }, "geometry": { "type": "Polygon", "coordinates": [ [ [ 82.5449344, 28.9835543 ], [ 82.5449984, 28.9835937 ], [ 82.5450242, 28.9835617 ], [ 82.5449602, 28.9835222 ], [ 82.5449344, 28.9835543 ] ] ] } },
{ "type": "Feature", "properties": { "element": "way", "id": 349925839, "building": "yes", "bldg_type": "default", "area_m2": 65.136375296541715, "replacement_value": 45595.462707579201 }, "geometry": { "type": "Polygon", "coordinates": [ [ [ 82.5222772, 28.9802786 ], [ 82.5223436, 28.9803743 ], [ 82.5223833, 28.9803532 ], [ 82.522339, 28.9802894 ], [ 82.5223581, 28.9802793 ], [ 82.5223359, 28.9802474 ], [ 82.5222772, 28.9802786 ] ] ] } },
{ "type": "Feature", "properties": { "element": "way", "id": 349925840, "building": "yes", "bldg_type": "default", "area_m2": 38.610640567574855, "replacement_value": 27027.4483973024 }, "geometry": { "type": "Polygon", "coordinates": [ [ [ 82.5439939, 28.9830546 ], [ 82.5440543, 28.9831105 ], [ 82.5440881, 28.9830826 ], [ 82.5440277, 28.9830267 ], [ 82.5439939, 28.9830546 ] ] ] } },
{ "type": "Feature", "properties": { "element": "way", "id": 349925841, "building": "yes", "bldg_type": "default", "area_m2": 38.483297782682676, "replacement_value": 26938.308447877873 }, "geometry": { "type": "Polygon", "coordinates": [ [ [ 82.5229961, 28.9806686 ], [ 82.5230643, 28.9807208 ], [ 82.5230939, 28.9806912 ], [ 82.5230256, 28.980639 ], [ 82.5229961, 28.9806686 ] ] ] } },
{ "type": "Feature", "properties": { "element": "way", "id": 349925842, "building": "yes", "bldg_type": "default", "area_m2": 59.118796720104129, "replacement_value": 41383.157704072888 }, "geometry": { "type": "Polygon", "coordinates": [ [ [ 82.5222382, 28.980165 ], [ 82.5222819, 28.9802516 ], [ 82.5223348, 28.9802313 ], [ 82.5222911, 28.9801446 ], [ 82.5222382, 28.980165 ] ] ] } },
{ "type": "Feature", "properties": { "element": "way", "id": 349925844, "building": "yes", "bldg_type": "default", "area_m2": 41.886357026780246, "replacement_value": 29320.449918746173 }, "geometry": { "type": "Polygon", "coordinates": [ [ [ 82.5228191, 28.9800028 ], [ 82.5228327, 28.9800735 ], [ 82.522886, 28.9800657 ], [ 82.5228724, 28.9799949 ], [ 82.5228191, 28.9800028 ] ] ] } },
{ "type": "Feature", "properties": { "element": "way", "id": 349925846, "building": "yes", "bldg_type": "default", "area_m2": 35.661516285726769, "replacement_value": 24963.061400008737 }, "geometry": { "type": "Polygon", "coordinates": [ [ [ 82.5455628, 28.9834017 ], [ 82.5456179, 28.9834405 ], [ 82.5456513, 28.9834041 ], [ 82.5455962, 28.9833653 ], [ 82.5455628, 28.9834017 ] ] ] } },
{ "type": "Feature", "properties": { "element": "way", "id": 349925847, "building": "yes", "bldg_type": "default", "area_m2": 39.603847228939117, "replacement_value": 27722.693060257381 }, "geometry": { "type": "Polygon", "coordinates": [ [ [ 82.5221736, 28.9798281 ], [ 82.5221853, 28.9799055 ], [ 82.5222319, 28.9799001 ], [ 82.5222201, 28.9798227 ], [ 82.5221736, 28.9798281 ] ] ] } },
{ "type": "Feature", "properties": { "element": "way", "id": 349925848, "building": "yes", "bldg_type": "default", "area_m2": 30.694416917992076, "replacement_value": 21486.091842594455 }, "geometry": { "type": "Polygon", "coordinates": [ [ [ 82.5226042, 28.980282 ], [ 82.5226493, 28.9803335 ], [ 82.5226841, 28.9803102 ], [ 82.5226389, 28.9802587 ], [ 82.5226042, 28.980282 ] ] ] } },
{ "type": "Feature", "properties": { "element": "way", "id": 349925849, "building": "yes", "bldg_type": "default", "area_m2": 39.642237704245673, "replacement_value": 27749.56639297197 }, "geometry": { "type": "Polygon", "coordinates": [ [ [ 82.5225069, 28.9801448 ], [ 82.5225351, 28.9802232 ], [ 82.5225777, 28.9802115 ], [ 82.5225494, 28.980133 ], [ 82.5225069, 28.9801448 ] ] ] } },
{ "type": "Feature", "properties": { "element": "way", "id": 349925850, "building": "yes", "bldg_type": "default", "area_m2": 24.229183646916024, "replacement_value": 16960.428552841218 }, "geometry": { "type": "Polygon", "coordinates": [ [ [ 82.5218278, 28.9805988 ], [ 82.5218892, 28.9806477 ], [ 82.52191, 28.9806278 ], [ 82.5218486, 28.9805788 ], [ 82.5218278, 28.9805988 ] ] ] } },
{ "type": "Feature", "properties": { "element": "way", "id": 349925851, "building": "yes", "bldg_type": "default", "area_m2": 26.12420717365146, "replacement_value": 18286.945021556021 }, "geometry": { "type": "Polygon", "coordinates": [ [ [ 82.5224824, 28.9805362 ], [ 82.5225167, 28.9805132 ], [ 82.5224779, 28.9804687 ], [ 82.5224436, 28.9804916 ], [ 82.5224824, 28.9805362 ] ] ] } },
{ "type": "Feature", "properties": { "element": "way", "id": 349925852, "building": "yes", "bldg_type": "default", "area_m2": 37.44162638686155, "replacement_value": 26209.138470803086 }, "geometry": { "type": "Polygon", "coordinates": [ [ [ 82.5443459, 28.9832938 ], [ 82.5443976, 28.9833376 ], [ 82.5444359, 28.983303 ], [ 82.5443842, 28.9832592 ], [ 82.5443459, 28.9832938 ] ] ] } },
{ "type": "Feature", "properties": { "element": "way", "id": 349925853, "building": "yes", "bldg_type": "default", "area_m2": 35.718854123669878, "replacement_value": 25003.197886568916 }, "geometry": { "type": "Polygon", "coordinates": [ [ [ 82.5222499, 28.9799691 ], [ 82.5221981, 28.979977 ], [ 82.5221859, 28.9799149 ], [ 82.5222377, 28.9799072 ], [ 82.5222499, 28.9799691 ] ] ] } },
{ "type": "Feature", "properties": { "element": "way", "id": 349925854, "building": "yes", "bldg_type": "default", "area_m2": 44.370648166961061, "replacement_value": 31059.453716872744 }, "geometry": { "type": "Polygon", "coordinates": [ [ [ 82.545577, 28.9836451 ], [ 82.5456493, 28.9836868 ], [ 82.5456791, 28.9836471 ], [ 82.5456068, 28.9836055 ], [ 82.545577, 28.9836451 ] ] ] } },
{ "type": "Feature", "properties": { "element": "way", "id": 349925855, "building": "yes", "bldg_type": "default", "area_m2": 147.95525725284071, "replacement_value": 103568.6800769885 }, "geometry": { "type": "Polygon", "coordinates": [ [ [ 82.5212977, 28.9788061 ], [ 82.5214986, 28.9787747 ], [ 82.521485, 28.9787086 ], [ 82.5212841, 28.9787401 ], [ 82.5212977, 28.9788061 ] ] ] } },
{ "type": "Feature", "properties": { "element": "way", "id": 349925856, "building": "yes", "bldg_type": "default", "area_m2": 36.451651015040859, "replacement_value": 25516.155710528601 }, "geometry": { "type": "Polygon", "coordinates": [ [ [ 82.5448099, 28.9833833 ], [ 82.5448482, 28.9834104 ], [ 82.5448974, 28.9833571 ], [ 82.5448591, 28.98333 ], [ 82.5448099, 28.9833833 ] ] ] } },
{ "type": "Feature", "properties": { "element": "way", "id": 349925857, "building": "yes", "bldg_type": "default", "area_m2": 37.48770336373245, "replacement_value": 26241.392354612715 }, "geometry": { "type": "Polygon", "coordinates": [ [ [ 82.5439269, 28.9829584 ], [ 82.5439737, 28.9830089 ], [ 82.5440152, 28.9829795 ], [ 82.5439683, 28.982929 ], [ 82.5439269, 28.9829584 ] ] ] } },
{ "type": "Feature", "properties": { "element": "way", "id": 349925858, "building": "yes", "bldg_type": "default", "area_m2": 21.268670922201213, "replacement_value": 14888.069645540849 }, "geometry": { "type": "Polygon", "coordinates": [ [ [ 82.5435857, 28.9826698 ], [ 82.5436174, 28.9827037 ], [ 82.5436522, 28.9826788 ], [ 82.5436205, 28.9826449 ], [ 82.5435857, 28.9826698 ] ] ] } },
{ "type": "Feature", "properties": { "element": "way", "id": 349925860, "building": "yes", "bldg_type": "default", "area_m2": 44.603114533353434, "replacement_value": 31222.180173347402 }, "geometry": { "type": "Polygon", "coordinates": [ [ [ 82.5453332, 28.9834755 ], [ 82.5454107, 28.9835076 ], [ 82.5454343, 28.9834641 ], [ 82.5453567, 28.983432 ], [ 82.5453332, 28.9834755 ] ] ] } },
{ "type": "Feature", "properties": { "element": "way", "id": 562023274, "building": "yes", "bldg_type": "default", "area_m2": 40.008708252942881, "replacement_value": 28006.095777060018 }, "geometry": { "type": "Polygon", "coordinates": [ [ [ 82.5318464, 28.9691576 ], [ 82.5317806, 28.9690966 ], [ 82.5317485, 28.9691231 ], [ 82.5318142, 28.9691841 ], [ 82.5318464, 28.9691576 ] ] ] } },
{ "type": "Feature", "properties": { "element": "way", "id": 562023275, "building": "yes", "bldg_type": "default", "area_m2": 42.435950070461125, "replacement_value": 29705.165049322786 }, "geometry": { "type": "Polygon", "coordinates": [ [ [ 82.5318812, 28.9693042 ], [ 82.5319288, 28.9693225 ], [ 82.5319636, 28.9692533 ], [ 82.5319161, 28.969235 ], [ 82.5318812, 28.9693042 ] ] ] } },
{ "type": "Feature", "properties": { "element": "way", "id": 562023277, "building": "yes", "bldg_type": "default", "area_m2": 51.959889363601278, "replacement_value": 36371.922554520897 }, "geometry": { "type": "Polygon", "coordinates": [ [ [ 82.5319134, 28.9691364 ], [ 82.5319741, 28.9691489 ], [ 82.5319942, 28.9690738 ], [ 82.5319335, 28.9690613 ], [ 82.5319134, 28.9691364 ] ] ] } },
{ "type": "Feature", "properties": { "element": "way", "id": 562023279, "building": "yes", "bldg_type": "default", "area_m2": 57.954589161784853, "replacement_value": 40568.212413249399 }, "geometry": { "type": "Polygon", "coordinates": [ [ [ 82.5322621, 28.9693993 ], [ 82.5322406, 28.9693113 ], [ 82.5321823, 28.9693222 ], [ 82.5322038, 28.9694102 ], [ 82.5322621, 28.9693993 ] ] ] } },
{ "type": "Feature", "properties": { "element": "way", "id": 562023280, "building": "yes", "bldg_type": "default", "area_m2": 29.288327003693862, "replacement_value": 20501.828902585705 }, "geometry": { "type": "Polygon", "coordinates": [ [ [ 82.5324243, 28.9699132 ], [ 82.5324682, 28.9698882 ], [ 82.5324361, 28.9698448 ], [ 82.5323921, 28.9698698 ], [ 82.5324243, 28.9699132 ] ] ] } },
{ "type": "Feature", "properties": { "element": "way", "id": 562023281, "building": "yes", "bldg_type": "default", "area_m2": 39.642223807159226, "replacement_value": 27749.55666501146 }, "geometry": { "type": "Polygon", "coordinates": [ [ [ 82.5325128, 28.9698921 ], [ 82.5325638, 28.9698732 ], [ 82.5325343, 28.9698122 ], [ 82.5324833, 28.969831 ], [ 82.5325128, 28.9698921 ] ] ] } },
{ "type": "Feature", "properties": { "element": "way", "id": 562023325, "building": "yes", "bldg_type": "default", "area_m2": 23.399274685010354, "replacement_value": 16379.492279507249 }, "geometry": { "type": "Polygon", "coordinates": [ [ [ 82.5178526, 28.9343233 ], [ 82.5178157, 28.9342734 ], [ 82.5177851, 28.9342907 ], [ 82.517822, 28.9343406 ], [ 82.5178526, 28.9343233 ] ] ] } },
{ "type": "Feature", "properties": { "element": "way", "id": 562023326, "building": "yes", "bldg_type": "default", "area_m2": 52.323674515415028, "replacement_value": 36626.572160790522 }, "geometry": { "type": "Polygon", "coordinates": [ [ [ 82.5184995, 28.934249 ], [ 82.5185164, 28.9343243 ], [ 82.5185783, 28.9343136 ], [ 82.5185614, 28.9342383 ], [ 82.5184995, 28.934249 ] ] ] } },
{ "type": "Feature", "properties": { "element": "way", "id": 562023327, "building": "yes", "bldg_type": "default", "area_m2": 49.684110376714202, "replacement_value": 34778.877263699942 }, "geometry": { "type": "Polygon", "coordinates": [ [ [ 82.5183683, 28.9338256 ], [ 82.5184313, 28.9338229 ], [ 82.5184273, 28.9337502 ], [ 82.5183642, 28.9337528 ], [ 82.5183683, 28.9338256 ] ] ] } },
{ "type": "Feature", "properties": { "element": "way", "id": 564419302, "building": "yes", "bldg_type": "default", "area_m2": 45.593462627164229, "replacement_value": 31915.423839014959 }, "geometry": { "type": "Polygon", "coordinates": [ [ [ 82.5289844, 28.9778297 ], [ 82.529049, 28.9778125 ], [ 82.5290282, 28.9777527 ], [ 82.5289636, 28.9777699 ], [ 82.5289844, 28.9778297 ] ] ] } },
{ "type": "Feature", "properties": { "element": "way", "id": 564419305, "building": "yes", "bldg_type": "default", "area_m2": 41.814963571463792, "replacement_value": 29270.474500024655 }, "geometry": { "type": "Polygon", "coordinates": [ [ [ 82.5210597, 28.9812898 ], [ 82.521099, 28.9812613 ], [ 82.5210437, 28.9812029 ], [ 82.5210044, 28.9812314 ], [ 82.5210597, 28.9812898 ] ] ] } },
{ "type": "Feature", "properties": { "element": "way", "id": 564419306, "building": "yes", "bldg_type": "default", "area_m2": 30.359128325817025, "replacement_value": 21251.389828071919 }, "geometry": { "type": "Polygon", "coordinates": [ [ [ 82.5210311, 28.9814671 ], [ 82.5210536, 28.9814373 ], [ 82.5209879, 28.9813994 ], [ 82.5209654, 28.9814292 ], [ 82.5210311, 28.9814671 ] ] ] } },
{ "type": "Feature", "properties": { "element": "way", "id": 564419308, "building": "yes", "bldg_type": "default", "area_m2": 20.335482389552514, "replacement_value": 14234.837672686759 }, "geometry": { "type": "Polygon", "coordinates": [ [ [ 82.5210949, 28.9815529 ], [ 82.5211204, 28.9815363 ], [ 82.52108, 28.9814888 ], [ 82.5210545, 28.9815055 ], [ 82.5210949, 28.9815529 ] ] ] } },
{ "type": "Feature", "properties": { "element": "way", "id": 564419309, "building": "yes", "bldg_type": "default", "area_m2": 44.24825478529489, "replacement_value": 30973.778349706423 }, "geometry": { "type": "Polygon", "coordinates": [ [ [ 82.5218255, 28.981796 ], [ 82.5218639, 28.9817785 ], [ 82.521814, 28.9816944 ], [ 82.5217757, 28.9817117 ], [ 82.5218255, 28.981796 ] ] ] } },
{ "type": "Feature", "properties": { "element": "way", "id": 564419310, "building": "yes", "bldg_type": "default", "area_m2": 52.333428513148313, "replacement_value": 36633.399959203816 }, "geometry": { "type": "Polygon", "coordinates": [ [ [ 82.5217482, 28.9816305 ], [ 82.5218019, 28.9816234 ], [ 82.5217866, 28.9815352 ], [ 82.5217329, 28.9815423 ], [ 82.5217482, 28.9816305 ] ] ] } },
{ "type": "Feature", "properties": { "element": "way", "id": 564419311, "building": "yes", "bldg_type": "default", "area_m2": 28.364144541285718, "replacement_value": 19854.901178900003 }, "geometry": { "type": "Polygon", "coordinates": [ [ [ 82.521902, 28.9815927 ], [ 82.521942, 28.9815862 ], [ 82.5219285, 28.9815228 ], [ 82.5218884, 28.9815294 ], [ 82.521902, 28.9815927 ] ] ] } },
{ "type": "Feature", "properties": { "element": "way", "id": 564419312, "building": "yes", "bldg_type": "default", "area_m2": 52.152686715978533, "replacement_value": 36506.880701184971 }, "geometry": { "type": "Polygon", "coordinates": [ [ [ 82.5218742, 28.9816957 ], [ 82.5219253, 28.9816823 ], [ 82.5218956, 28.9815957 ], [ 82.5218444, 28.9816091 ], [ 82.5218742, 28.9816957 ] ] ] } },
{ "type": "Feature", "properties": { "element": "way", "id": 564419313, "building": "yes", "bldg_type": "default", "area_m2": 26.09149786703227, "replacement_value": 18264.048506922591 }, "geometry": { "type": "Polygon", "coordinates": [ [ [ 82.5218333, 28.9815463 ], [ 82.5218772, 28.9815329 ], [ 82.5218577, 28.9814839 ], [ 82.5218137, 28.9814973 ], [ 82.5218333, 28.9815463 ] ] ] } },
{ "type": "Feature", "properties": { "element": "way", "id": 564419314, "building": "yes", "bldg_type": "default", "area_m2": 39.741023775643285, "replacement_value": 27818.716642950298 }, "geometry": { "type": "Polygon", "coordinates": [ [ [ 82.5218951, 28.9815053 ], [ 82.5219333, 28.9814876 ], [ 82.5218878, 28.9814125 ], [ 82.5218495, 28.9814303 ], [ 82.5218951, 28.9815053 ] ] ] } },
{ "type": "Feature", "properties": { "element": "way", "id": 564419315, "building": "yes", "bldg_type": "default", "area_m2": 34.569503364087552, "replacement_value": 24198.652354861286 }, "geometry": { "type": "Polygon", "coordinates": [ [ [ 82.5217914, 28.9814308 ], [ 82.5218352, 28.9814081 ], [ 82.5217986, 28.981354 ], [ 82.5217548, 28.9813767 ], [ 82.5217914, 28.9814308 ] ] ] } },
{ "type": "Feature", "properties": { "element": "way", "id": 564419406, "building": "yes", "bldg_type": "default", "area_m2": 27.21650619614736, "replacement_value": 19051.554337303151 }, "geometry": { "type": "Polygon", "coordinates": [ [ [ 82.525932, 28.9636487 ], [ 82.5259917, 28.9635965 ], [ 82.5259675, 28.9635754 ], [ 82.5259079, 28.9636276 ], [ 82.525932, 28.9636487 ] ] ] } },
{ "type": "Feature", "properties": { "element": "way", "id": 564419407, "building": "yes", "bldg_type": "default", "area_m2": 35.50145859463084, "replacement_value": 24851.02101624159 }, "geometry": { "type": "Polygon", "coordinates": [ [ [ 82.5260072, 28.9634528 ], [ 82.5260605, 28.9634124 ], [ 82.5260256, 28.9633772 ], [ 82.5259723, 28.9634176 ], [ 82.5260072, 28.9634528 ] ] ] } },
{ "type": "Feature", "properties": { "element": "way", "id": 564419408, "building": "yes", "bldg_type": "default", "area_m2": 25.333443668827623, "replacement_value": 17733.410568179337 }, "geometry": { "type": "Polygon", "coordinates": [ [ [ 82.5260635, 28.9635185 ], [ 82.5261291, 28.9634707 ], [ 82.526109, 28.9634496 ], [ 82.5260434, 28.9634974 ], [ 82.5260635, 28.9635185 ] ] ] } },
{ "type": "Feature", "properties": { "element": "way", "id": 564419410, "building": "yes", "bldg_type": "default", "area_m2": 25.321041485263471, "replacement_value": 17724.729039684429 }, "geometry": { "type": "Polygon", "coordinates": [ [ [ 82.5262016, 28.9636522 ], [ 82.5262492, 28.9636086 ], [ 82.526221, 28.9635851 ], [ 82.5261735, 28.9636288 ], [ 82.5262016, 28.9636522 ] ] ] } },
{ "type": "Feature", "properties": { "element": "way", "id": 564419413, "building": "yes", "bldg_type": "default", "area_m2": 15.305776624623023, "replacement_value": 10714.043637236116 }, "geometry": { "type": "Polygon", "coordinates": [ [ [ 82.5265945, 28.9639667 ], [ 82.5266347, 28.9639338 ], [ 82.5266145, 28.963915 ], [ 82.5265744, 28.963948 ], [ 82.5265945, 28.9639667 ] ] ] } },
{ "type": "Feature", "properties": { "element": "way", "id": 564419416, "building": "yes", "bldg_type": "default", "area_m2": 23.621724488324375, "replacement_value": 16535.207141827064 }, "geometry": { "type": "Polygon", "coordinates": [ [ [ 82.5265677, 28.9638482 ], [ 82.5266099, 28.9638143 ], [ 82.5265804, 28.9637862 ], [ 82.5265382, 28.96382 ], [ 82.5265677, 28.9638482 ] ] ] } },
{ "type": "Feature", "properties": { "element": "way", "id": 564419417, "building": "yes", "bldg_type": "default", "area_m2": 27.889460989443513, "replacement_value": 19522.622692610461 }, "geometry": { "type": "Polygon", "coordinates": [ [ [ 82.52651, 28.9638177 ], [ 82.5265641, 28.9637783 ], [ 82.5265373, 28.9637501 ], [ 82.5264832, 28.9637895 ], [ 82.52651, 28.9638177 ] ] ] } },
{ "type": "Feature", "properties": { "element": "way", "id": 564419419, "building": "yes", "bldg_type": "default", "area_m2": 39.8162856035377, "replacement_value": 27871.39992247639 }, "geometry": { "type": "Polygon", "coordinates": [ [ [ 82.5265409, 28.9640828 ], [ 82.5266035, 28.9640321 ], [ 82.52657, 28.9640004 ], [ 82.5265073, 28.9640512 ], [ 82.5265409, 28.9640828 ] ] ] } },
{ "type": "Feature", "properties": { "element": "way", "id": 564843597, "building": "yes", "bldg_type": "default", "area_m2": 71.64320782465488, "replacement_value": 50150.245477258417 }, "geometry": { "type": "Polygon", "coordinates": [ [ [ 82.5753652, 28.9869292 ], [ 82.5754428, 28.986861 ], [ 82.5753939, 28.9868185 ], [ 82.5753163, 28.9868867 ], [ 82.5753652, 28.9869292 ] ] ] } },
{ "type": "Feature", "properties": { "element": "way", "id": 564843598, "building": "yes", "bldg_type": "default", "area_m2": 22.595730063154996, "replacement_value": 15817.011044208497 }, "geometry": { "type": "Polygon", "coordinates": [ [ [ 82.5754062, 28.9852829 ], [ 82.5754286, 28.9852382 ], [ 82.5753893, 28.9852231 ], [ 82.575367, 28.9852678 ], [ 82.5754062, 28.9852829 ] ] ] } },
{ "type": "Feature", "properties": { "element": "way", "id": 564843599, "building": "yes", "bldg_type": "default", "area_m2": 32.87403028742564, "replacement_value": 23011.821201197949 }, "geometry": { "type": "Polygon", "coordinates": [ [ [ 82.5762274, 28.9854124 ], [ 82.5762404, 28.9853381 ], [ 82.5762004, 28.9853327 ], [ 82.5761874, 28.9854071 ], [ 82.5762274, 28.9854124 ] ] ] } },
{ "type": "Feature", "properties": { "element": "way", "id": 564843600, "building": "yes", "bldg_type": "default", "area_m2": 23.449904436355482, "replacement_value": 16414.933105448836 }, "geometry": { "type": "Polygon", "coordinates": [ [ [ 82.5755877, 28.9854634 ], [ 82.5756052, 28.9854227 ], [ 82.5755584, 28.9854074 ], [ 82.5755409, 28.985448 ], [ 82.5755877, 28.9854634 ] ] ] } },
{ "type": "Feature", "properties": { "element": "way", "id": 564843601, "building": "yes", "bldg_type": "default", "area_m2": 20.819095552824372, "replacement_value": 14573.366886977061 }, "geometry": { "type": "Polygon", "coordinates": [ [ [ 82.5754698, 28.9855286 ], [ 82.5754861, 28.9854887 ], [ 82.5754433, 28.9854753 ], [ 82.5754269, 28.9855151 ], [ 82.5754698, 28.9855286 ] ] ] } },
{ "type": "Feature", "properties": { "element": "way", "id": 564843602, "building": "yes", "bldg_type": "default", "area_m2": 54.746994918105614, "replacement_value": 38322.896442673933 }, "geometry": { "type": "Polygon", "coordinates": [ [ [ 82.5753706, 28.9854823 ], [ 82.575411, 28.9854013 ], [ 82.5753584, 28.9853813 ], [ 82.575318, 28.9854623 ], [ 82.5753706, 28.9854823 ] ] ] } },
{ "type": "Feature", "properties": { "element": "way", "id": 564843603, "building": "yes", "bldg_type": "default", "area_m2": 21.733429496398543, "replacement_value": 15213.40064747898 }, "geometry": { "type": "Polygon", "coordinates": [ [ [ 82.5751689, 28.9852054 ], [ 82.5751831, 28.9851654 ], [ 82.5751373, 28.9851529 ], [ 82.575123, 28.9851929 ], [ 82.5751689, 28.9852054 ] ] ] } },
{ "type": "Feature", "properties": { "element": "way", "id": 564843604, "building": "yes", "bldg_type": "default", "area_m2": 35.304860656773407, "replacement_value": 24713.402459741385 }, "geometry": { "type": "Polygon", "coordinates": [ [ [ 82.5754906, 28.985338 ], [ 82.5755517, 28.9853523 ], [ 82.5755671, 28.9853025 ], [ 82.5755059, 28.9852881 ], [ 82.5754906, 28.985338 ] ] ] } },
{ "type": "Feature", "properties": { "element": "way", "id": 564843605, "building": "yes", "bldg_type": "default", "area_m2": 31.084591797093289, "replacement_value": 21759.214257965301 }, "geometry": { "type": "Polygon", "coordinates": [ [ [ 82.5755264, 28.9854101 ], [ 82.5755436, 28.9853599 ], [ 82.575491, 28.9853461 ], [ 82.5754738, 28.9853963 ], [ 82.5755264, 28.9854101 ] ] ] } },
{ "type": "Feature", "properties": { "element": "way", "id": 564843606, "building": "yes", "bldg_type": "default", "area_m2": 20.101872412492401, "replacement_value": 14071.310688744681 }, "geometry": { "type": "Polygon", "coordinates": [ [ [ 82.5756184, 28.985374 ], [ 82.57564, 28.9853182 ], [ 82.5756101, 28.9853093 ], [ 82.5755885, 28.9853652 ], [ 82.5756184, 28.985374 ] ] ] } },
{ "type": "Feature", "properties": { "element": "way", "id": 564843607, "building": "yes", "bldg_type": "default", "area_m2": 44.886499757787618, "replacement_value": 31420.549830451331 }, "geometry": { "type": "Polygon", "coordinates": [ [ [ 82.5757527, 28.9853976 ], [ 82.5757966, 28.9853267 ], [ 82.5757513, 28.9853052 ], [ 82.5757074, 28.9853762 ], [ 82.5757527, 28.9853976 ] ] ] } },
{ "type": "Feature", "properties": { "element": "way", "id": 564843608, "building": "yes", "bldg_type": "default", "area_m2": 15.336076116882317, "replacement_value": 10735.253281817622 }, "geometry": { "type": "Polygon", "coordinates": [ [ [ 82.5756338, 28.9851973 ], [ 82.5756403, 28.9851593 ], [ 82.5756037, 28.9851546 ], [ 82.5755972, 28.9851925 ], [ 82.5756338, 28.9851973 ] ] ] } },
{ "type": "Feature", "properties": { "element": "way", "id": 564843609, "building": "yes", "bldg_type": "default", "area_m2": 124.21294699125528, "replacement_value": 86949.062893878698 }, "geometry": { "type": "Polygon", "coordinates": [ [ [ 82.5736573, 28.9800232 ], [ 82.5737217, 28.9800575 ], [ 82.5738125, 28.9799273 ], [ 82.5737481, 28.979893 ], [ 82.5736573, 28.9800232 ] ] ] } },
{ "type": "Feature", "properties": { "element": "way", "id": 564843614, "building": "yes", "bldg_type": "default", "area_m2": 52.589756094505518, "replacement_value": 36812.829266153865 }, "geometry": { "type": "Polygon", "coordinates": [ [ [ 82.5732784, 28.9809375 ], [ 82.5733256, 28.9809692 ], [ 82.5733825, 28.9809043 ], [ 82.5733352, 28.9808726 ], [ 82.5732784, 28.9809375 ] ] ] } },
{ "type": "Feature", "properties": { "element": "way", "id": 564843615, "building": "yes", "bldg_type": "default", "area_m2": 44.078436790979325, "replacement_value": 30854.905753685529 }, "geometry": { "type": "Polygon", "coordinates": [ [ [ 82.5727768, 28.9812242 ], [ 82.5727304, 28.9812874 ], [ 82.5727761, 28.9813131 ], [ 82.5728225, 28.9812499 ], [ 82.5727768, 28.9812242 ] ] ] } },
{ "type": "Feature", "properties": { "element": "way", "id": 564843618, "building": "yes", "bldg_type": "default", "area_m2": 44.209589485281448, "replacement_value": 30946.712639697012 }, "geometry": { "type": "Polygon", "coordinates": [ [ [ 82.5732356, 28.9814325 ], [ 82.5732051, 28.9814996 ], [ 82.5732523, 28.9815209 ], [ 82.5732895, 28.9814562 ], [ 82.5732356, 28.9814325 ] ] ] } },
{ "type": "Feature", "properties": { "element": "way", "id": 564843620, "building": "yes", "bldg_type": "default", "area_m2": 39.067873323434434, "replacement_value": 27347.511326404103 }, "geometry": { "type": "Polygon", "coordinates": [ [ [ 82.5732041, 28.9813305 ], [ 82.5732454, 28.981342 ], [ 82.5732744, 28.9812625 ], [ 82.5732331, 28.981251 ], [ 82.5732041, 28.9813305 ] ] ] } },
{ "type": "Feature", "properties": { "element": "way", "id": 564843621, "building": "yes", "bldg_type": "default", "area_m2": 62.669069445943187, "replacement_value": 43868.348612160233 }, "geometry": { "type": "Polygon", "coordinates": [ [ [ 82.5732807, 28.981126 ], [ 82.5732136, 28.9812095 ], [ 82.5732601, 28.9812381 ], [ 82.5733272, 28.9811546 ], [ 82.5732807, 28.981126 ] ] ] } },
{ "type": "Feature", "properties": { "element": "way", "id": 564843622, "building": "yes", "bldg_type": "default", "area_m2": 28.175875787673263, "replacement_value": 19723.113051371285 }, "geometry": { "type": "Polygon", "coordinates": [ [ [ 82.573183, 28.9815131 ], [ 82.5731604, 28.9815628 ], [ 82.5732057, 28.9815786 ], [ 82.5732283, 28.9815289 ], [ 82.573183, 28.9815131 ] ] ] } },
{ "type": "Feature", "properties": { "element": "way", "id": 564843624, "building": "yes", "bldg_type": "default", "area_m2": 36.740326076006944, "replacement_value": 25718.228253204859 }, "geometry": { "type": "Polygon", "coordinates": [ [ [ 82.5728785, 28.9813684 ], [ 82.5729028, 28.9813116 ], [ 82.5728503, 28.9812944 ], [ 82.572826, 28.9813513 ], [ 82.5728785, 28.9813684 ] ] ] } },
{ "type": "Feature", "properties": { "element": "way", "id": 564843625, "building": "yes", "bldg_type": "default", "area_m2": 40.927155572215071, "replacement_value": 28649.008900550551 }, "geometry": { "type": "Polygon", "coordinates": [ [ [ 82.5726515, 28.9816285 ], [ 82.5726797, 28.981544 ], [ 82.5726383, 28.9815335 ], [ 82.5726102, 28.9816179 ], [ 82.5726515, 28.9816285 ] ] ] } },
{ "type": "Feature", "properties": { "element": "way", "id": 564843627, "building": "yes", "bldg_type": "default", "area_m2": 43.603167027795756, "replacement_value": 30522.216919457031 }, "geometry": { "type": "Polygon", "coordinates": [ [ [ 82.5732336, 28.9810462 ], [ 82.5733039, 28.9809885 ], [ 82.5732711, 28.980958 ], [ 82.5732008, 28.9810157 ], [ 82.5732336, 28.9810462 ] ] ] } },
{ "type": "Feature", "properties": { "element": "way", "id": 564843630, "building": "yes", "bldg_type": "default", "area_m2": 69.594333736293066, "replacement_value": 48716.033615405147 }, "geometry": { "type": "Polygon", "coordinates": [ [ [ 82.5732858, 28.980904 ], [ 82.5733443, 28.9808017 ], [ 82.5732939, 28.9807797 ], [ 82.5732354, 28.980882 ], [ 82.5732858, 28.980904 ] ] ] } },
{ "type": "Feature", "properties": { "element": "way", "id": 564843631, "building": "yes", "bldg_type": "default", "area_m2": 66.846386221912411, "replacement_value": 46792.470355338686 }, "geometry": { "type": "Polygon", "coordinates": [ [ [ 82.5729227, 28.9815006 ], [ 82.5729944, 28.981409 ], [ 82.5729483, 28.9813815 ], [ 82.5728767, 28.9814731 ], [ 82.5729227, 28.9815006 ] ] ] } },
{ "type": "Feature", "properties": { "element": "way", "id": 564843632, "building": "yes", "bldg_type": "default", "area_m2": 59.984552526500437, "replacement_value": 41989.186768550309 }, "geometry": { "type": "Polygon", "coordinates": [ [ [ 82.5728452, 28.9812125 ], [ 82.5729018, 28.9811212 ], [ 82.5728548, 28.9810989 ], [ 82.5727982, 28.9811902 ], [ 82.5728452, 28.9812125 ] ] ] } },
{ "type": "Feature", "properties": { "element": "way", "id": 564843633, "building": "yes", "bldg_type": "default", "area_m2": 50.10163967512122, "replacement_value": 35071.147772584853 }, "geometry": { "type": "Polygon", "coordinates": [ [ [ 82.5725737, 28.9814421 ], [ 82.5726128, 28.9813516 ], [ 82.572568, 28.9813368 ], [ 82.5725288, 28.9814273 ], [ 82.5725737, 28.9814421 ] ] ] } },
{ "type": "Feature", "properties": { "element": "way", "id": 564843634, "building": "yes", "bldg_type": "default", "area_m2": 37.927854061218255, "replacement_value": 26549.497842852779 }, "geometry": { "type": "Polygon", "coordinates": [ [ [ 82.572858, 28.9816801 ], [ 82.5728713, 28.9816061 ], [ 82.572825, 28.9815997 ], [ 82.5728117, 28.9816737 ], [ 82.572858, 28.9816801 ] ] ] } },
{ "type": "Feature", "properties": { "element": "way", "id": 564843635, "building": "yes", "bldg_type": "default", "area_m2": 50.077480005875799, "replacement_value": 35054.23600411306 }, "geometry": { "type": "Polygon", "coordinates": [ [ [ 82.5730034, 28.981818 ], [ 82.5730498, 28.9817432 ], [ 82.5730019, 28.9817205 ], [ 82.5729555, 28.9817952 ], [ 82.5730034, 28.981818 ] ] ] } },
{ "type": "Feature", "properties": { "element": "way", "id": 564843636, "building": "yes", "bldg_type": "default", "area_m2": 40.048442414755243, "replacement_value": 28033.90969032867 }, "geometry": { "type": "Polygon", "coordinates": [ [ [ 82.5728218, 28.9817739 ], [ 82.5728492, 28.9817022 ], [ 82.5728027, 28.9816886 ], [ 82.5727753, 28.9817604 ], [ 82.5728218, 28.9817739 ] ] ] } },
{ "type": "Feature", "properties": { "element": "way", "id": 564843637, "building": "yes", "bldg_type": "default", "area_m2": 42.647013701519711, "replacement_value": 29852.909591063799 }, "geometry": { "type": "Polygon", "coordinates": [ [ [ 82.5727692, 28.9815564 ], [ 82.5727998, 28.9814869 ], [ 82.5727503, 28.9814703 ], [ 82.5727197, 28.9815398 ], [ 82.5727692, 28.9815564 ] ] ] } },
{ "type": "Feature", "properties": { "element": "way", "id": 564843638, "building": "yes", "bldg_type": "default", "area_m2": 35.000049033750301, "replacement_value": 24500.034323625212 }, "geometry": { "type": "Polygon", "coordinates": [ [ [ 82.5730922, 28.9814502 ], [ 82.5731042, 28.9813825 ], [ 82.5730574, 28.9813762 ], [ 82.5730455, 28.9814439 ], [ 82.5730922, 28.9814502 ] ] ] } },
{ "type": "Feature", "properties": { "element": "way", "id": 564843639, "building": "yes", "bldg_type": "default", "area_m2": 27.012999657115241, "replacement_value": 18909.099759980669 }, "geometry": { "type": "Polygon", "coordinates": [ [ [ 82.5731383, 28.9814809 ], [ 82.5731446, 28.9814223 ], [ 82.5731023, 28.9814188 ], [ 82.573096, 28.9814774 ], [ 82.5731383, 28.9814809 ] ] ] } },
{ "type": "Feature", "properties": { "element": "way", "id": 564843801, "building": "yes", "bldg_type": "default", "area_m2": 30.093642299555761, "replacement_value": 21065.549609689031 }, "geometry": { "type": "Polygon", "coordinates": [ [ [ 82.5748265, 28.9851982 ], [ 82.5748564, 28.9851413 ], [ 82.574816, 28.985125 ], [ 82.5747861, 28.9851819 ], [ 82.5748265, 28.9851982 ] ] ] } },
{ "type": "Feature", "properties": { "element": "way", "id": 564843802, "building": "yes", "bldg_type": "default", "area_m2": 35.068653191407904, "replacement_value": 24548.057233985532 }, "geometry": { "type": "Polygon", "coordinates": [ [ [ 82.5750513, 28.9846587 ], [ 82.5750594, 28.9845942 ], [ 82.5750096, 28.9845895 ], [ 82.5750016, 28.984654 ], [ 82.5750513, 28.9846587 ] ] ] } },
{ "type": "Feature", "properties": { "element": "way", "id": 564843803, "building": "yes", "bldg_type": "default", "area_m2": 33.58701724509713, "replacement_value": 23510.912071567989 }, "geometry": { "type": "Polygon", "coordinates": [ [ [ 82.5747636, 28.9847382 ], [ 82.5747638, 28.9846555 ], [ 82.5747262, 28.9846554 ], [ 82.574726, 28.9847381 ], [ 82.5747636, 28.9847382 ] ] ] } },
{ "type": "Feature", "properties": { "element": "way", "id": 564843804, "building": "yes", "bldg_type": "default", "area_m2": 5.0984402622085092, "replacement_value": 3568.9081835459565 }, "geometry": { "type": "Polygon", "coordinates": [ [ [ 82.5754443, 28.9910104 ], [ 82.5754765, 28.9910175 ], [ 82.5754804, 28.9910037 ], [ 82.5754482, 28.9909966 ], [ 82.5754443, 28.9910104 ] ] ] } },
{ "type": "Feature", "properties": { "element": "way", "id": 564843805, "building": "yes", "bldg_type": "default", "area_m2": 24.561139433839813, "replacement_value": 17192.797603687868 }, "geometry": { "type": "Polygon", "coordinates": [ [ [ 82.575345, 28.9909846 ], [ 82.5754121, 28.9910011 ], [ 82.5754221, 28.9909696 ], [ 82.5753551, 28.9909532 ], [ 82.575345, 28.9909846 ] ] ] } },
{ "type": "Feature", "properties": { "element": "way", "id": 564843806, "building": "yes", "bldg_type": "default", "area_m2": 53.226768183756704, "replacement_value": 37258.737728629691 }, "geometry": { "type": "Polygon", "coordinates": [ [ [ 82.5736169, 28.9909619 ], [ 82.5736483, 28.9909218 ], [ 82.5735647, 28.9908717 ], [ 82.5735333, 28.9909119 ], [ 82.5736169, 28.9909619 ] ] ] } },
{ "type": "Feature", "properties": { "element": "way", "id": 564843809, "building": "yes", "bldg_type": "default", "area_m2": 71.49859265155942, "replacement_value": 50049.014856091591 }, "geometry": { "type": "Polygon", "coordinates": [ [ [ 82.5738352, 28.9798757 ], [ 82.5738669, 28.9799037 ], [ 82.5739861, 28.9798003 ], [ 82.5739543, 28.9797723 ], [ 82.5738352, 28.9798757 ] ] ] } },
{ "type": "Feature", "properties": { "element": "way", "id": 564923164, "building": "yes", "bldg_type": "default", "area_m2": 48.664796256059503, "replacement_value": 34065.35737924165 }, "geometry": { "type": "Polygon", "coordinates": [ [ [ 82.5398563, 28.9813464 ], [ 82.5399027, 28.9813233 ], [ 82.5398551, 28.9812499 ], [ 82.5398087, 28.981273 ], [ 82.5398563, 28.9813464 ] ] ] } },
{ "type": "Feature", "properties": { "element": "way", "id": 564923166, "building": "yes", "bldg_type": "default", "area_m2": 28.457901601580691, "replacement_value": 19920.531121106484 }, "geometry": { "type": "Polygon", "coordinates": [ [ [ 82.538685, 28.9813913 ], [ 82.5387352, 28.9813772 ], [ 82.5387176, 28.9813296 ], [ 82.5386675, 28.9813437 ], [ 82.538685, 28.9813913 ] ] ] } },
{ "type": "Feature", "properties": { "element": "way", "id": 564923167, "building": "yes", "bldg_type": "default", "area_m2": 61.287139849086628, "replacement_value": 42900.99789436064 }, "geometry": { "type": "Polygon", "coordinates": [ [ [ 82.537695, 28.9813669 ], [ 82.5377416, 28.981337 ], [ 82.5376753, 28.9812579 ], [ 82.5376286, 28.9812878 ], [ 82.537695, 28.9813669 ] ] ] } },
{ "type": "Feature", "properties": { "element": "way", "id": 564923168, "building": "yes", "bldg_type": "default", "area_m2": 37.76690542770146, "replacement_value": 26436.833799391021 }, "geometry": { "type": "Polygon", "coordinates": [ [ [ 82.5368015, 28.9810889 ], [ 82.5368501, 28.9810717 ], [ 82.5368215, 28.9810099 ], [ 82.5367729, 28.981027 ], [ 82.5368015, 28.9810889 ] ] ] } },
{ "type": "Feature", "properties": { "element": "way", "id": 564923169, "building": "yes", "bldg_type": "default", "area_m2": 27.493182475462412, "replacement_value": 19245.227732823689 }, "geometry": { "type": "Polygon", "coordinates": [ [ [ 82.53708, 28.9810793 ], [ 82.5371228, 28.9810588 ], [ 82.5370941, 28.981013 ], [ 82.5370514, 28.9810335 ], [ 82.53708, 28.9810793 ] ] ] } },
{ "type": "Feature", "properties": { "element": "way", "id": 564923170, "building": "yes", "bldg_type": "default", "area_m2": 55.87371039279536, "replacement_value": 39111.597274956752 }, "geometry": { "type": "Polygon", "coordinates": [ [ [ 82.5370655, 28.9810036 ], [ 82.5371505, 28.9809631 ], [ 82.537133, 28.9809351 ], [ 82.5370955, 28.980953 ], [ 82.5370743, 28.9809191 ], [ 82.5370269, 28.9809417 ], [ 82.5370655, 28.9810036 ] ] ] } },
{ "type": "Feature", "properties": { "element": "way", "id": 564923171, "building": "yes", "bldg_type": "default", "area_m2": 42.392677057380361, "replacement_value": 29674.873940166253 }, "geometry": { "type": "Polygon", "coordinates": [ [ [ 82.5370181, 28.9809157 ], [ 82.5370661, 28.9808949 ], [ 82.5370288, 28.9808293 ], [ 82.5369808, 28.9808501 ], [ 82.5370181, 28.9809157 ] ] ] } },
{ "type": "Feature", "properties": { "element": "way", "id": 564923173, "building": "yes", "bldg_type": "default", "area_m2": 44.702297356548975, "replacement_value": 31291.608149584281 }, "geometry": { "type": "Polygon", "coordinates": [ [ [ 82.5366777, 28.9807727 ], [ 82.5367248, 28.9807413 ], [ 82.5366764, 28.9806857 ], [ 82.5366293, 28.980717 ], [ 82.5366777, 28.9807727 ] ] ] } },
{ "type": "Feature", "properties": { "element": "way", "id": 564923174, "building": "yes", "bldg_type": "default", "area_m2": 32.50290898305601, "replacement_value": 22752.036288139207 }, "geometry": { "type": "Polygon", "coordinates": [ [ [ 82.5371953, 28.9804695 ], [ 82.5372369, 28.9804466 ], [ 82.5371996, 28.9803948 ], [ 82.537158, 28.9804177 ], [ 82.5371953, 28.9804695 ] ] ] } },
{ "type": "Feature", "properties": { "element": "way", "id": 564923175, "building": "yes", "bldg_type": "default", "area_m2": 48.182409928099759, "replacement_value": 33727.686949669835 }, "geometry": { "type": "Polygon", "coordinates": [ [ [ 82.5378102, 28.9809587 ], [ 82.5378596, 28.9809397 ], [ 82.5378214, 28.980864 ], [ 82.5377721, 28.980883 ], [ 82.5378102, 28.9809587 ] ] ] } },
{ "type": "Feature", "properties": { "element": "way", "id": 564923176, "building": "yes", "bldg_type": "default", "area_m2": 70.537213019075381, "replacement_value": 49376.049113352768 }, "geometry": { "type": "Polygon", "coordinates": [ [ [ 82.5377809, 28.9805756 ], [ 82.5378235, 28.9805413 ], [ 82.5377362, 28.9804583 ], [ 82.5376936, 28.9804926 ], [ 82.5377809, 28.9805756 ] ] ] } },
{ "type": "Feature", "properties": { "element": "way", "id": 564923177, "building": "yes", "bldg_type": "default", "area_m2": 69.099727693685153, "replacement_value": 48369.809385579611 }, "geometry": { "type": "Polygon", "coordinates": [ [ [ 82.5383386, 28.9807316 ], [ 82.5383949, 28.9807128 ], [ 82.5383517, 28.9806136 ], [ 82.5382954, 28.9806324 ], [ 82.5383386, 28.9807316 ] ] ] } },
{ "type": "Feature", "properties": { "element": "way", "id": 564923178, "building": "yes", "bldg_type": "default", "area_m2": 40.149562254470013, "replacement_value": 28104.693578129009 }, "geometry": { "type": "Polygon", "coordinates": [ [ [ 82.5395664, 28.9805924 ], [ 82.5396096, 28.9805672 ], [ 82.5395641, 28.9805076 ], [ 82.539521, 28.9805327 ], [ 82.5395664, 28.9805924 ] ] ] } },
{ "type": "Feature", "properties": { "element": "way", "id": 564923179, "building": "yes", "bldg_type": "default", "area_m2": 62.371389247617358, "replacement_value": 43659.972473332149 }, "geometry": { "type": "Polygon", "coordinates": [ [ [ 82.5389247, 28.9801145 ], [ 82.5389823, 28.980084 ], [ 82.5389316, 28.9800106 ], [ 82.538874, 28.9800411 ], [ 82.5389247, 28.9801145 ] ] ] } },
{ "type": "Feature", "properties": { "element": "way", "id": 564923180, "building": "yes", "bldg_type": "default", "area_m2": 59.514975447960623, "replacement_value": 41660.482813572438 }, "geometry": { "type": "Polygon", "coordinates": [ [ [ 82.5390601, 28.980111 ], [ 82.5391151, 28.9800922 ], [ 82.5390763, 28.9800053 ], [ 82.5390213, 28.980024 ], [ 82.5390601, 28.980111 ] ] ] } },
{ "type": "Feature", "properties": { "element": "way", "id": 564923181, "building": "yes", "bldg_type": "default", "area_m2": 49.536182335720852, "replacement_value": 34675.3276350046 }, "geometry": { "type": "Polygon", "coordinates": [ [ [ 82.5391379, 28.9800359 ], [ 82.5391875, 28.9800394 ], [ 82.539196, 28.9799476 ], [ 82.5391464, 28.979944 ], [ 82.5391379, 28.9800359 ] ] ] } },
{ "type": "Feature", "properties": { "element": "way", "id": 564923182, "building": "yes", "bldg_type": "default", "area_m2": 44.778319825890783, "replacement_value": 31344.823878123549 }, "geometry": { "type": "Polygon", "coordinates": [ [ [ 82.5392291, 28.9800558 ], [ 82.5392787, 28.9800582 ], [ 82.5392839, 28.9799749 ], [ 82.5392342, 28.9799726 ], [ 82.5392291, 28.9800558 ] ] ] } },
{ "type": "Feature", "properties": { "element": "way", "id": 564923183, "building": "yes", "bldg_type": "default", "area_m2": 41.712465438396222, "replacement_value": 29198.725806877355 }, "geometry": { "type": "Polygon", "coordinates": [ [ [ 82.5391835, 28.9798928 ], [ 82.5391862, 28.9798189 ], [ 82.539134, 28.9798174 ], [ 82.5391313, 28.9798913 ], [ 82.5391835, 28.9798928 ] ] ] } },
{ "type": "Feature", "properties": { "element": "way", "id": 564923184, "building": "yes", "bldg_type": "default", "area_m2": 66.41321495223238, "replacement_value": 46489.250466562669 }, "geometry": { "type": "Polygon", "coordinates": [ [ [ 82.5391996, 28.9798869 ], [ 82.5392774, 28.9798939 ], [ 82.5392866, 28.9798157 ], [ 82.5392088, 28.9798087 ], [ 82.5391996, 28.9798869 ] ] ] } },
{ "type": "Feature", "properties": { "element": "way", "id": 564923185, "building": "yes", "bldg_type": "default", "area_m2": 50.792605896294738, "replacement_value": 35554.824127406318 }, "geometry": { "type": "Polygon", "coordinates": [ [ [ 82.5389931, 28.9798846 ], [ 82.5390574, 28.9798775 ], [ 82.5390472, 28.9798056 ], [ 82.5389828, 28.9798126 ], [ 82.5389931, 28.9798846 ] ] ] } },
{ "type": "Feature", "properties": { "element": "way", "id": 564923186, "building": "yes", "bldg_type": "default", "area_m2": 91.333850488462588, "replacement_value": 63933.695341923813 }, "geometry": { "type": "Polygon", "coordinates": [ [ [ 82.538977, 28.9797672 ], [ 82.5390521, 28.9797532 ], [ 82.5390257, 28.9796455 ], [ 82.5389506, 28.9796596 ], [ 82.538977, 28.9797672 ] ] ] } },
{ "type": "Feature", "properties": { "element": "way", "id": 564923187, "building": "yes", "bldg_type": "default", "area_m2": 78.517775184111571, "replacement_value": 54962.442628878096 }, "geometry": { "type": "Polygon", "coordinates": [ [ [ 82.5389501, 28.9796476 ], [ 82.5390118, 28.9796218 ], [ 82.5389594, 28.9795259 ], [ 82.5388977, 28.9795517 ], [ 82.5389501, 28.9796476 ] ] ] } },
{ "type": "Feature", "properties": { "element": "way", "id": 564923188, "building": "yes", "bldg_type": "default", "area_m2": 89.911389837894177, "replacement_value": 62937.972886525924 }, "geometry": { "type": "Polygon", "coordinates": [ [ [ 82.5387704, 28.979664 ], [ 82.5388616, 28.9796429 ], [ 82.5388358, 28.9795576 ], [ 82.5387446, 28.9795787 ], [ 82.5387704, 28.979664 ] ] ] } },
{ "type": "Feature", "properties": { "element": "way", "id": 564923189, "building": "yes", "bldg_type": "default", "area_m2": 80.470880381969366, "replacement_value": 56329.616267378558 }, "geometry": { "type": "Polygon", "coordinates": [ [ [ 82.5387812, 28.9798799 ], [ 82.538867, 28.9798611 ], [ 82.5388436, 28.9797794 ], [ 82.5387578, 28.9797982 ], [ 82.5387812, 28.9798799 ] ] ] } },
{ "type": "Feature", "properties": { "element": "way", "id": 564923190, "building": "yes", "bldg_type": "default", "area_m2": 78.320420532972122, "replacement_value": 54824.294373080484 }, "geometry": { "type": "Polygon", "coordinates": [ [ [ 82.5386336, 28.9798001 ], [ 82.538698, 28.9797813 ], [ 82.5386594, 28.97968 ], [ 82.538595, 28.9796987 ], [ 82.5386336, 28.9798001 ] ] ] } },
{ "type": "Feature", "properties": { "element": "way", "id": 564923191, "building": "yes", "bldg_type": "default", "area_m2": 68.766040730151175, "replacement_value": 48136.228511105823 }, "geometry": { "type": "Polygon", "coordinates": [ [ [ 82.5383145, 28.9797672 ], [ 82.5383761, 28.9797438 ], [ 82.538333, 28.9796569 ], [ 82.5382713, 28.9796804 ], [ 82.5383145, 28.9797672 ] ] ] } },
{ "type": "Feature", "properties": { "element": "way", "id": 564923192, "building": "yes", "bldg_type": "default", "area_m2": 54.795844741028773, "replacement_value": 38357.091318720144 }, "geometry": { "type": "Polygon", "coordinates": [ [ [ 82.5349483, 28.9738683 ], [ 82.53501, 28.9738331 ], [ 82.5349669, 28.9737754 ], [ 82.5349053, 28.9738106 ], [ 82.5349483, 28.9738683 ] ] ] } },
{ "type": "Feature", "properties": { "element": "way", "id": 564923193, "building": "yes", "bldg_type": "default", "area_m2": 99.394081477857952, "replacement_value": 69575.857034500572 }, "geometry": { "type": "Polygon", "coordinates": [ [ [ 82.5343207, 28.974469 ], [ 82.5344414, 28.9744831 ], [ 82.5344528, 28.9744082 ], [ 82.5343321, 28.9743941 ], [ 82.5343207, 28.974469 ] ] ] } },
{ "type": "Feature", "properties": { "element": "way", "id": 564923194, "building": "yes", "bldg_type": "default", "area_m2": 74.693900063314658, "replacement_value": 52285.730044320262 }, "geometry": { "type": "Polygon", "coordinates": [ [ [ 82.5336582, 28.9737744 ], [ 82.5337762, 28.9737956 ], [ 82.5337893, 28.9737393 ], [ 82.5336713, 28.9737182 ], [ 82.5336582, 28.9737744 ] ] ] } },
{ "type": "Feature", "properties": { "element": "way", "id": 564923195, "building": "yes", "bldg_type": "default", "area_m2": 64.91029991741155, "replacement_value": 45437.209942188085 }, "geometry": { "type": "Polygon", "coordinates": [ [ [ 82.5339237, 28.9736478 ], [ 82.5340122, 28.9736689 ], [ 82.5340319, 28.9736057 ], [ 82.5339434, 28.9735846 ], [ 82.5339237, 28.9736478 ] ] ] } },
{ "type": "Feature", "properties": { "element": "way", "id": 564923196, "building": "yes", "bldg_type": "default", "area_m2": 90.420228990314612, "replacement_value": 63294.16029322023 }, "geometry": { "type": "Polygon", "coordinates": [ [ [ 82.5427642, 28.9759261 ], [ 82.5428313, 28.9758792 ], [ 82.5427617, 28.9758031 ], [ 82.5426946, 28.97585 ], [ 82.5427642, 28.9759261 ] ] ] } },
{ "type": "Feature", "properties": { "element": "way", "id": 564923197, "building": "yes", "bldg_type": "default", "area_m2": 94.394012977077665, "replacement_value": 66075.809083954358 }, "geometry": { "type": "Polygon", "coordinates": [ [ [ 82.5430218, 28.9760645 ], [ 82.5430834, 28.9759942 ], [ 82.5430052, 28.9759417 ], [ 82.5429435, 28.9760121 ], [ 82.5430218, 28.9760645 ] ] ] } },
{ "type": "Feature", "properties": { "element": "way", "id": 564923198, "building": "yes", "bldg_type": "default", "area_m2": 75.722616434263401, "replacement_value": 53005.83150398438 }, "geometry": { "type": "Polygon", "coordinates": [ [ [ 82.543129, 28.9759919 ], [ 82.5431853, 28.9759356 ], [ 82.5431149, 28.9758816 ], [ 82.5430585, 28.975938 ], [ 82.543129, 28.9759919 ] ] ] } },
{ "type": "Feature", "properties": { "element": "way", "id": 564923199, "building": "yes", "bldg_type": "default", "area_m2": 59.409583669569926, "replacement_value": 41586.708568698945 }, "geometry": { "type": "Polygon", "coordinates": [ [ [ 82.5436534, 28.9738049 ], [ 82.5436923, 28.9737592 ], [ 82.5436149, 28.9737088 ], [ 82.543576, 28.9737546 ], [ 82.5436534, 28.9738049 ] ] ] } },
{ "type": "Feature", "properties": { "element": "way", "id": 564923200, "building": "yes", "bldg_type": "default", "area_m2": 79.290821893219402, "replacement_value": 55503.57532525358 }, "geometry": { "type": "Polygon", "coordinates": [ [ [ 82.5429439, 28.9758089 ], [ 82.5430002, 28.9757479 ], [ 82.5429274, 28.9756964 ], [ 82.5428711, 28.9757574 ], [ 82.5429439, 28.9758089 ] ] ] } },
{ "type": "Feature", "properties": { "element": "way", "id": 564923201, "building": "yes", "bldg_type": "default", "area_m2": 67.714756004834328, "replacement_value": 47400.329203384026 }, "geometry": { "type": "Polygon", "coordinates": [ [ [ 82.5417369, 28.9754475 ], [ 82.5418254, 28.9754545 ], [ 82.5418327, 28.9753843 ], [ 82.5417442, 28.9753772 ], [ 82.5417369, 28.9754475 ] ] ] } },
{ "type": "Feature", "properties": { "element": "way", "id": 564923202, "building": "yes", "bldg_type": "default", "area_m2": 121.72193805755558, "replacement_value": 85205.356640288897 }, "geometry": { "type": "Polygon", "coordinates": [ [ [ 82.5423056, 28.9757854 ], [ 82.5423458, 28.9757009 ], [ 82.5422321, 28.9756595 ], [ 82.5421919, 28.9757439 ], [ 82.5423056, 28.9757854 ] ] ] } },
{ "type": "Feature", "properties": { "element": "way", "id": 564923203, "building": "yes", "bldg_type": "default", "area_m2": 132.71969794316755, "replacement_value": 92903.788560217276 }, "geometry": { "type": "Polygon", "coordinates": [ [ [ 82.5427186, 28.9754616 ], [ 82.5427884, 28.9753794 ], [ 82.542692, 28.9753168 ], [ 82.5426223, 28.975399 ], [ 82.5427186, 28.9754616 ] ] ] } },
{ "type": "Feature", "properties": { "element": "way", "id": 564923204, "building": "yes", "bldg_type": "default", "area_m2": 155.16226936897297, "replacement_value": 108613.58855828107 }, "geometry": { "type": "Polygon", "coordinates": [ [ [ 82.5425443, 28.9755648 ], [ 82.5425921, 28.9754938 ], [ 82.5424419, 28.9754164 ], [ 82.5423941, 28.9754874 ], [ 82.5425443, 28.9755648 ] ] ] } },
{ "type": "Feature", "properties": { "element": "way", "id": 564923205, "building": "yes", "bldg_type": "default", "area_m2": 45.674881663234785, "replacement_value": 31972.417164264349 }, "geometry": { "type": "Polygon", "coordinates": [ [ [ 82.5419891, 28.9755249 ], [ 82.5420266, 28.9754827 ], [ 82.5419643, 28.9754402 ], [ 82.5419267, 28.9754825 ], [ 82.5419891, 28.9755249 ] ] ] } },
{ "type": "Feature", "properties": { "element": "way", "id": 564923206, "building": "yes", "bldg_type": "default", "area_m2": 51.574652338130093, "replacement_value": 36102.256636691069 }, "geometry": { "type": "Polygon", "coordinates": [ [ [ 82.5421581, 28.9753372 ], [ 82.5422305, 28.9753536 ], [ 82.5422488, 28.9752918 ], [ 82.5421764, 28.9752754 ], [ 82.5421581, 28.9753372 ] ] ] } },
{ "type": "Feature", "properties": { "element": "way", "id": 564923207, "building": "yes", "bldg_type": "default", "area_m2": 63.226402955641731, "replacement_value": 44258.482068949212 }, "geometry": { "type": "Polygon", "coordinates": [ [ [ 82.5425068, 28.9749383 ], [ 82.5425899, 28.9749617 ], [ 82.5426135, 28.974898 ], [ 82.5425303, 28.9748745 ], [ 82.5425068, 28.9749383 ] ] ] } },
{ "type": "Feature", "properties": { "element": "way", "id": 564923208, "building": "yes", "bldg_type": "default", "area_m2": 92.384025688836203, "replacement_value": 64668.817982185341 }, "geometry": { "type": "Polygon", "coordinates": [ [ [ 82.5432336, 28.9753536 ], [ 82.5432899, 28.9752902 ], [ 82.5432058, 28.975233 ], [ 82.5431495, 28.9752964 ], [ 82.5432336, 28.9753536 ] ] ] } },
{ "type": "Feature", "properties": { "element": "way", "id": 564923209, "building": "yes", "bldg_type": "default", "area_m2": 57.604241388318101, "replacement_value": 40322.968971822673 }, "geometry": { "type": "Polygon", "coordinates": [ [ [ 82.5431532, 28.9751729 ], [ 82.543188, 28.9751142 ], [ 82.5431165, 28.9750817 ], [ 82.5430816, 28.9751404 ], [ 82.5431532, 28.9751729 ] ] ] } },
{ "type": "Feature", "properties": { "element": "way", "id": 564923210, "building": "yes", "bldg_type": "default", "area_m2": 87.612330250417074, "replacement_value": 61328.63117529195 }, "geometry": { "type": "Polygon", "coordinates": [ [ [ 82.5432926, 28.9751167 ], [ 82.5433463, 28.9750603 ], [ 82.5432613, 28.9749984 ], [ 82.5432077, 28.9750547 ], [ 82.5432926, 28.9751167 ] ] ] } },
{ "type": "Feature", "properties": { "element": "way", "id": 564923211, "building": "yes", "bldg_type": "default", "area_m2": 40.371428084940362, "replacement_value": 28259.999659458255 }, "geometry": { "type": "Polygon", "coordinates": [ [ [ 82.5431505, 28.9747998 ], [ 82.5431934, 28.97476 ], [ 82.5431437, 28.974719 ], [ 82.5431008, 28.9747589 ], [ 82.5431505, 28.9747998 ] ] ] } },
{ "type": "Feature", "properties": { "element": "way", "id": 564923212, "building": "yes", "bldg_type": "default", "area_m2": 16.718547003259442, "replacement_value": 11702.982902281608 }, "geometry": { "type": "Polygon", "coordinates": [ [ [ 82.5432631, 28.9748327 ], [ 82.5432819, 28.9748115 ], [ 82.5432362, 28.9747805 ], [ 82.5432175, 28.9748016 ], [ 82.5432631, 28.9748327 ] ] ] } },
{ "type": "Feature", "properties": { "element": "way", "id": 564923213, "building": "yes", "bldg_type": "default", "area_m2": 68.548281400253586, "replacement_value": 47983.796980177511 }, "geometry": { "type": "Polygon", "coordinates": [ [ [ 82.5427642, 28.9745605 ], [ 82.5428447, 28.9745934 ], [ 82.5428792, 28.9745286 ], [ 82.5427987, 28.9744958 ], [ 82.5427642, 28.9745605 ] ] ] } },
{ "type": "Feature", "properties": { "element": "way", "id": 564923214, "building": "yes", "bldg_type": "default", "area_m2": 113.70001357536371, "replacement_value": 79590.009502754605 }, "geometry": { "type": "Polygon", "coordinates": [ [ [ 82.5430781, 28.9747787 ], [ 82.543129, 28.9746989 ], [ 82.5430285, 28.9746498 ], [ 82.5429775, 28.9747296 ], [ 82.5430781, 28.9747787 ] ] ] } },
{ "type": "Feature", "properties": { "element": "way", "id": 564923215, "building": "yes", "bldg_type": "default", "area_m2": 51.029837551875715, "replacement_value": 35720.886286312998 }, "geometry": { "type": "Polygon", "coordinates": [ [ [ 82.5434348, 28.9748069 ], [ 82.543467, 28.9747647 ], [ 82.5433896, 28.9747195 ], [ 82.5433574, 28.9747618 ], [ 82.5434348, 28.9748069 ] ] ] } },
{ "type": "Feature", "properties": { "element": "way", "id": 564923216, "building": "yes", "bldg_type": "default", "area_m2": 47.892081794917836, "replacement_value": 33524.457256442482 }, "geometry": { "type": "Polygon", "coordinates": [ [ [ 82.5435099, 28.9747154 ], [ 82.5435582, 28.9746684 ], [ 82.543506, 28.9746274 ], [ 82.5434577, 28.9746743 ], [ 82.5435099, 28.9747154 ] ] ] } },
{ "type": "Feature", "properties": { "element": "way", "id": 564923217, "building": "yes", "bldg_type": "default", "area_m2": 37.778710065192584, "replacement_value": 26445.097045634808 }, "geometry": { "type": "Polygon", "coordinates": [ [ [ 82.5437164, 28.9743564 ], [ 82.5437406, 28.9743235 ], [ 82.5436653, 28.9742812 ], [ 82.5436412, 28.9743141 ], [ 82.5437164, 28.9743564 ] ] ] } },
{ "type": "Feature", "properties": { "element": "way", "id": 564923218, "building": "yes", "bldg_type": "default", "area_m2": 96.252073302305831, "replacement_value": 67376.451311614088 }, "geometry": { "type": "Polygon", "coordinates": [ [ [ 82.543644, 28.9745464 ], [ 82.5436923, 28.9744901 ], [ 82.543591, 28.9744237 ], [ 82.5435427, 28.97448 ], [ 82.543644, 28.9745464 ] ] ] } },
{ "type": "Feature", "properties": { "element": "way", "id": 564923219, "building": "yes", "bldg_type": "default", "area_m2": 61.467370458867094, "replacement_value": 43027.159321206964 }, "geometry": { "type": "Polygon", "coordinates": [ [ [ 82.5433516, 28.9743916 ], [ 82.5433999, 28.97434 ], [ 82.5433339, 28.9742927 ], [ 82.5432856, 28.9743443 ], [ 82.5433516, 28.9743916 ] ] ] } },
{ "type": "Feature", "properties": { "element": "way", "id": 564923220, "building": "yes", "bldg_type": "default", "area_m2": 58.400886394612684, "replacement_value": 40880.620476228876 }, "geometry": { "type": "Polygon", "coordinates": [ [ [ 82.5435448, 28.9741381 ], [ 82.5435769, 28.9740936 ], [ 82.5434902, 28.9740456 ], [ 82.543458, 28.9740902 ], [ 82.5435448, 28.9741381 ] ] ] } },
{ "type": "Feature", "properties": { "element": "way", "id": 564923221, "building": "yes", "bldg_type": "default", "area_m2": 95.333434690678132, "replacement_value": 66733.404283474694 }, "geometry": { "type": "Polygon", "coordinates": [ [ [ 82.543593, 28.9740771 ], [ 82.5436466, 28.9740161 ], [ 82.5435558, 28.9739549 ], [ 82.5435021, 28.9740159 ], [ 82.543593, 28.9740771 ] ] ] } },
{ "type": "Feature", "properties": { "element": "way", "id": 565020035, "building": "yes", "bldg_type": "default", "area_m2": 33.206428988044046, "replacement_value": 23244.500291630833 }, "geometry": { "type": "Polygon", "coordinates": [ [ [ 82.6060992, 28.9948252 ], [ 82.6061007, 28.9948633 ], [ 82.6061812, 28.994861 ], [ 82.6061797, 28.9948228 ], [ 82.6060992, 28.9948252 ] ] ] } },
{ "type": "Feature", "properties": { "element": "way", "id": 565020036, "building": "yes", "bldg_type": "default", "area_m2": 9.4509882190757093, "replacement_value": 6615.6917533529968 }, "geometry": { "type": "Polygon", "coordinates": [ [ [ 82.5750285, 28.990411 ], [ 82.575054, 28.9904274 ], [ 82.5750727, 28.9904051 ], [ 82.5750473, 28.9903887 ], [ 82.5750285, 28.990411 ] ] ] } },
{ "type": "Feature", "properties": { "element": "way", "id": 565020037, "building": "yes", "bldg_type": "default", "area_m2": 19.743190326535704, "replacement_value": 13820.233228574993 }, "geometry": { "type": "Polygon", "coordinates": [ [ [ 82.5758399, 28.9878079 ], [ 82.5758694, 28.9878296 ], [ 82.5759043, 28.9877932 ], [ 82.5758748, 28.9877716 ], [ 82.5758399, 28.9878079 ] ] ] } },
{ "type": "Feature", "properties": { "element": "way", "id": 565020040, "building": "yes", "bldg_type": "default", "area_m2": 26.258590615866563, "replacement_value": 18381.013431106596 }, "geometry": { "type": "Polygon", "coordinates": [ [ [ 82.5732932, 28.9811183 ], [ 82.5733303, 28.9811461 ], [ 82.5733673, 28.9811083 ], [ 82.5733302, 28.9810805 ], [ 82.5732932, 28.9811183 ] ] ] } },
{ "type": "Feature", "properties": { "element": "way", "id": 565020043, "building": "yes", "bldg_type": "default", "area_m2": 54.687972562522617, "replacement_value": 38281.580793765832 }, "geometry": { "type": "Polygon", "coordinates": [ [ [ 82.5729055, 28.982018 ], [ 82.5729572, 28.9820301 ], [ 82.5729851, 28.9819387 ], [ 82.5729334, 28.9819266 ], [ 82.5729055, 28.982018 ] ] ] } },
{ "type": "Feature", "properties": { "element": "way", "id": 565020044, "building": "yes", "bldg_type": "default", "area_m2": 49.556938121798481, "replacement_value": 34689.856685258936 }, "geometry": { "type": "Polygon", "coordinates": [ [ [ 82.5725985, 28.9817138 ], [ 82.5726652, 28.9817206 ], [ 82.5726743, 28.9816528 ], [ 82.5726076, 28.9816459 ], [ 82.5725985, 28.9817138 ] ] ] } },
{ "type": "Feature", "properties": { "element": "way", "id": 565020045, "building": "yes", "bldg_type": "default", "area_m2": 44.693360137300211, "replacement_value": 31285.352096110146 }, "geometry": { "type": "Polygon", "coordinates": [ [ [ 82.5729766, 28.981596 ], [ 82.5730032, 28.9816069 ], [ 82.573044, 28.9815302 ], [ 82.5729893, 28.9815079 ], [ 82.5729635, 28.9815563 ], [ 82.5729917, 28.9815677 ], [ 82.5729766, 28.981596 ] ] ] } },
{ "type": "Feature", "properties": { "element": "way", "id": 565020047, "building": "yes", "bldg_type": "default", "area_m2": 29.707450006424203, "replacement_value": 20795.215004496942 }, "geometry": { "type": "Polygon", "coordinates": [ [ [ 82.5749521, 28.9861257 ], [ 82.5749953, 28.9861353 ], [ 82.5750127, 28.9860755 ], [ 82.5749695, 28.9860659 ], [ 82.5749521, 28.9861257 ] ] ] } },
{ "type": "Feature", "properties": { "element": "way", "id": 565020049, "building": "yes", "bldg_type": "default", "area_m2": 34.78867363475765, "replacement_value": 24352.071544330356 }, "geometry": { "type": "Polygon", "coordinates": [ [ [ 82.5750947, 28.9856717 ], [ 82.5751249, 28.9856865 ], [ 82.5751767, 28.9856051 ], [ 82.5751465, 28.9855904 ], [ 82.5750947, 28.9856717 ] ] ] } },
{ "type": "Feature", "properties": { "element": "way", "id": 565020050, "building": "yes", "bldg_type": "default", "area_m2": 29.52911469015222, "replacement_value": 20670.380283106555 }, "geometry": { "type": "Polygon", "coordinates": [ [ [ 82.5750003, 28.9853802 ], [ 82.575036, 28.9853968 ], [ 82.5750723, 28.9853371 ], [ 82.5750366, 28.9853205 ], [ 82.5750003, 28.9853802 ] ] ] } },
{ "type": "Feature", "properties": { "element": "way", "id": 565020052, "building": "yes", "bldg_type": "default", "area_m2": 52.737202764041882, "replacement_value": 36916.041934829314 }, "geometry": { "type": "Polygon", "coordinates": [ [ [ 82.5766512, 28.9837536 ], [ 82.5766895, 28.9837785 ], [ 82.5767593, 28.9836964 ], [ 82.576721, 28.9836715 ], [ 82.5766512, 28.9837536 ] ] ] } },
{ "type": "Feature", "properties": { "element": "way", "id": 565020053, "building": "yes", "bldg_type": "default", "area_m2": 22.327700049205944, "replacement_value": 15629.390034444161 }, "geometry": { "type": "Polygon", "coordinates": [ [ [ 82.5807135, 28.9775476 ], [ 82.5806908, 28.9775719 ], [ 82.5807418, 28.9776083 ], [ 82.5807645, 28.9775839 ], [ 82.5807135, 28.9775476 ] ] ] } },
{ "type": "Feature", "properties": { "element": "way", "id": 565020063, "building": "yes", "bldg_type": "default", "area_m2": 9.5184624689225235, "replacement_value": 6662.9237282457661 }, "geometry": { "type": "Polygon", "coordinates": [ [ [ 82.6069361, 28.9973295 ], [ 82.6069416, 28.9973444 ], [ 82.6069953, 28.9973291 ], [ 82.6069897, 28.9973143 ], [ 82.6069361, 28.9973295 ] ] ] } },
{ "type": "Feature", "properties": { "element": "way", "id": 579990998, "building": "yes", "bldg_type": "default", "area_m2": 42.219157149513407, "replacement_value": 29553.410004659385 }, "geometry": { "type": "Polygon", "coordinates": [ [ [ 82.5360076, 28.9804762 ], [ 82.5359626, 28.9803963 ], [ 82.5359232, 28.9804132 ], [ 82.5359682, 28.9804931 ], [ 82.5360076, 28.9804762 ] ] ] } },
{ "type": "Feature", "properties": { "element": "way", "id": 579990999, "building": "yes", "bldg_type": "default", "area_m2": 25.556117316539236, "replacement_value": 17889.282121577464 }, "geometry": { "type": "Polygon", "coordinates": [ [ [ 82.5231799, 28.9806528 ], [ 82.5232142, 28.9806378 ], [ 82.5231827, 28.9805827 ], [ 82.5231483, 28.9805977 ], [ 82.5231799, 28.9806528 ] ] ] } },
{ "type": "Feature", "properties": { "element": "way", "id": 579991123, "building": "yes", "bldg_type": "default", "area_m2": 12.684976614035543, "replacement_value": 8879.4836298248811 }, "geometry": { "type": "Polygon", "coordinates": [ [ [ 82.5806183, 28.9896057 ], [ 82.5806476, 28.9896183 ], [ 82.5806657, 28.989586 ], [ 82.5806364, 28.9895734 ], [ 82.5806183, 28.9896057 ] ] ] } },
{ "type": "Feature", "properties": { "element": "way", "id": 579991124, "building": "yes", "bldg_type": "default", "area_m2": 25.819377666282278, "replacement_value": 18073.564366397593 }, "geometry": { "type": "Polygon", "coordinates": [ [ [ 82.5809267, 28.9891734 ], [ 82.5809737, 28.989123 ], [ 82.5809452, 28.9891027 ], [ 82.5808982, 28.9891531 ], [ 82.5809267, 28.9891734 ] ] ] } },
{ "type": "Feature", "properties": { "element": "way", "id": 579991127, "building": "yes", "bldg_type": "default", "area_m2": 36.166359557201268, "replacement_value": 25316.451690040889 }, "geometry": { "type": "Polygon", "coordinates": [ [ [ 82.5728904, 28.9815909 ], [ 82.5729211, 28.9815524 ], [ 82.5728626, 28.9815167 ], [ 82.5728319, 28.9815552 ], [ 82.5728904, 28.9815909 ] ] ] } },
{ "type": "Feature", "properties": { "element": "way", "id": 870328615, "building": "yes", "bldg_type": "default", "area_m2": 22.624954893901442, "replacement_value": 15837.468425731009 }, "geometry": { "type": "Polygon", "coordinates": [ [ [ 82.5771094, 28.9789123 ], [ 82.5771636, 28.9789449 ], [ 82.5771843, 28.9789187 ], [ 82.57713, 28.9788861 ], [ 82.5771094, 28.9789123 ] ] ] } },
{ "type": "Feature", "properties": { "element": "way", "id": 870328616, "building": "yes", "bldg_type": "default", "area_m2": 48.146941091699041, "replacement_value": 33702.858764189332 }, "geometry": { "type": "Polygon", "coordinates": [ [ [ 82.5736177, 28.9794692 ], [ 82.5736562, 28.9795032 ], [ 82.5737223, 28.9794458 ], [ 82.5736838, 28.9794118 ], [ 82.5736177, 28.9794692 ] ] ] } },
{ "type": "Feature", "properties": { "element": "way", "id": 870328617, "building": "yes", "bldg_type": "default", "area_m2": 41.080935675419894, "replacement_value": 28756.654972793927 }, "geometry": { "type": "Polygon", "coordinates": [ [ [ 82.5790599, 28.9855509 ], [ 82.579131, 28.9855978 ], [ 82.5791604, 28.9855637 ], [ 82.5790893, 28.9855168 ], [ 82.5790599, 28.9855509 ] ] ] } },
{ "type": "Feature", "properties": { "element": "way", "id": 870328618, "building": "yes", "bldg_type": "default", "area_m2": 13.301779352012336, "replacement_value": 9311.2455464086343 }, "geometry": { "type": "Polygon", "coordinates": [ [ [ 82.5737398, 28.9915606 ], [ 82.5737699, 28.9915699 ], [ 82.5737846, 28.9915336 ], [ 82.5737545, 28.9915242 ], [ 82.5737398, 28.9915606 ] ] ] } },
{ "type": "Feature", "properties": { "element": "way", "id": 948254048, "building": "yes", "bldg_type": "default", "area_m2": 46.806289162675924, "replacement_value": 32764.402413873147 }, "geometry": { "type": "Polygon", "coordinates": [ [ [ 82.5172658, 28.9381471 ], [ 82.5172261, 28.9381941 ], [ 82.5172675, 28.9382209 ], [ 82.5172791, 28.9382072 ], [ 82.5173048, 28.9382238 ], [ 82.5173329, 28.9381906 ], [ 82.5172658, 28.9381471 ] ] ] } },
{ "type": "Feature", "properties": { "element": "way", "id": 948254049, "building": "yes", "bldg_type": "default", "area_m2": 43.973541570842187, "replacement_value": 30781.479099589531 }, "geometry": { "type": "Polygon", "coordinates": [ [ [ 82.5176682, 28.9379558 ], [ 82.5176199, 28.9378748 ], [ 82.5175804, 28.9378929 ], [ 82.5176287, 28.9379738 ], [ 82.5176682, 28.9379558 ] ] ] } },
{ "type": "Feature", "properties": { "element": "way", "id": 948254050, "building": "yes", "bldg_type": "default", "area_m2": 93.19893170563391, "replacement_value": 65239.252193943736 }, "geometry": { "type": "Polygon", "coordinates": [ [ [ 82.5174281, 28.9380169 ], [ 82.5174379, 28.9380995 ], [ 82.5175412, 28.9380901 ], [ 82.5175314, 28.9380075 ], [ 82.5174281, 28.9380169 ] ] ] } },
{ "type": "Feature", "properties": { "element": "way", "id": 948254051, "building": "yes", "bldg_type": "default", "area_m2": 16.065710461316645, "replacement_value": 11245.997322921652 }, "geometry": { "type": "Polygon", "coordinates": [ [ [ 82.5171411, 28.9378197 ], [ 82.5171411, 28.9378514 ], [ 82.517188, 28.9378514 ], [ 82.517188, 28.9378197 ], [ 82.5171411, 28.9378197 ] ] ] } },
{ "type": "Feature", "properties": { "element": "way", "id": 948254052, "building": "yes", "bldg_type": "default", "area_m2": 39.437616304176942, "replacement_value": 27606.331412923861 }, "geometry": { "type": "Polygon", "coordinates": [ [ [ 82.5179109, 28.9364441 ], [ 82.5179426, 28.9364169 ], [ 82.5178769, 28.9363582 ], [ 82.5178452, 28.9363855 ], [ 82.5179109, 28.9364441 ] ] ] } },
{ "type": "Feature", "properties": { "element": "way", "id": 948254053, "building": "yes", "bldg_type": "default", "area_m2": 75.785104588446927, "replacement_value": 53049.573211912852 }, "geometry": { "type": "Polygon", "coordinates": [ [ [ 82.518151, 28.935801 ], [ 82.5181147, 28.9357188 ], [ 82.5180404, 28.9357439 ], [ 82.5180767, 28.935826 ], [ 82.518151, 28.935801 ] ] ] } },
{ "type": "Feature", "properties": { "element": "way", "id": 1221228642, "building": "yes", "bldg_type": "default", "area_m2": 37.733041350043422, "replacement_value": 26413.128945030396 }, "geometry": { "type": "Polygon", "coordinates": [ [ [ 82.5430123, 28.9800382 ], [ 82.5430492, 28.980019 ], [ 82.5430016, 28.9799491 ], [ 82.5429647, 28.9799683 ], [ 82.5430123, 28.9800382 ] ] ] } },
{ "type": "Feature", "properties": { "element": "way", "id": 1221228643, "building": "yes", "bldg_type": "default", "area_m2": 16.088248364968621, "replacement_value": 11261.773855478035 }, "geometry": { "type": "Polygon", "coordinates": [ [ [ 82.5423767, 28.9800511 ], [ 82.5424109, 28.980034 ], [ 82.5423894, 28.9800012 ], [ 82.5423552, 28.9800183 ], [ 82.5423767, 28.9800511 ] ] ] } },
{ "type": "Feature", "properties": { "element": "way", "id": 1221228644, "building": "yes", "bldg_type": "default", "area_m2": 23.082955325576322, "replacement_value": 16158.068727903425 }, "geometry": { "type": "Polygon", "coordinates": [ [ [ 82.5425, 28.9799291 ], [ 82.5425414, 28.979912 ], [ 82.5425186, 28.9798698 ], [ 82.5424772, 28.9798869 ], [ 82.5425, 28.9799291 ] ] ] } },
{ "type": "Feature", "properties": { "element": "way", "id": 1221228645, "building": "yes", "bldg_type": "default", "area_m2": 22.113129408402436, "replacement_value": 15479.190585881704 }, "geometry": { "type": "Polygon", "coordinates": [ [ [ 82.5424665, 28.9798752 ], [ 82.5425061, 28.9798588 ], [ 82.5424834, 28.9798166 ], [ 82.5424437, 28.9798329 ], [ 82.5424665, 28.9798752 ] ] ] } },
{ "type": "Feature", "properties": { "element": "way", "id": 1221228646, "building": "yes", "bldg_type": "default", "area_m2": 24.216248964404478, "replacement_value": 16951.374275083133 }, "geometry": { "type": "Polygon", "coordinates": [ [ [ 82.5423954, 28.9798306 ], [ 82.54242, 28.9798215 ], [ 82.5423824, 28.9797441 ], [ 82.5423579, 28.9797532 ], [ 82.5423954, 28.9798306 ] ] ] } },
{ "type": "Feature", "properties": { "element": "way", "id": 1221228647, "building": "yes", "bldg_type": "default", "area_m2": 16.059384964602785, "replacement_value": 11241.56947522195 }, "geometry": { "type": "Polygon", "coordinates": [ [ [ 82.5420468, 28.979481 ], [ 82.5420937, 28.979481 ], [ 82.5420937, 28.9794493 ], [ 82.5420468, 28.9794493 ], [ 82.5420468, 28.979481 ] ] ] } },
{ "type": "Feature", "properties": { "element": "way", "id": 1221228862, "building": "yes", "bldg_type": "default", "area_m2": 23.674666617626393, "replacement_value": 16572.266632338476 }, "geometry": { "type": "Polygon", "coordinates": [ [ [ 82.5726669, 28.9814109 ], [ 82.5727061, 28.9814192 ], [ 82.5727208, 28.9813664 ], [ 82.5726816, 28.9813581 ], [ 82.5726669, 28.9814109 ] ] ] } },
{ "type": "Feature", "properties": { "element": "way", "id": 1221228863, "building": "yes", "bldg_type": "default", "area_m2": 21.09871012901386, "replacement_value": 14769.097090309702 }, "geometry": { "type": "Polygon", "coordinates": [ [ [ 82.5728412, 28.9818719 ], [ 82.5728878, 28.9818859 ], [ 82.5729025, 28.9818484 ], [ 82.5728559, 28.9818344 ], [ 82.5728412, 28.9818719 ] ] ] } },
{ "type": "Feature", "properties": { "element": "way", "id": 1221228864, "building": "yes", "bldg_type": "default", "area_m2": 12.371231555946427, "replacement_value": 8659.8620891624978 }, "geometry": { "type": "Polygon", "coordinates": [ [ [ 82.5729056, 28.9820831 ], [ 82.5729423, 28.982088 ], [ 82.5729476, 28.9820575 ], [ 82.5729109, 28.9820526 ], [ 82.5729056, 28.9820831 ] ] ] } },
{ "type": "Feature", "properties": { "element": "way", "id": 1221228865, "building": "yes", "bldg_type": "default", "area_m2": 49.593739791024788, "replacement_value": 34715.617853717355 }, "geometry": { "type": "Polygon", "coordinates": [ [ [ 82.5726977, 28.9820244 ], [ 82.5727473, 28.9820289 ], [ 82.5727581, 28.9819374 ], [ 82.5727084, 28.9819329 ], [ 82.5726977, 28.9820244 ] ] ] } },
{ "type": "Feature", "properties": { "element": "way", "id": 1221229827, "building": "yes", "bldg_type": "default", "area_m2": 32.921165183773226, "replacement_value": 23044.81562864126 }, "geometry": { "type": "Polygon", "coordinates": [ [ [ 82.5789405, 28.9892532 ], [ 82.5789915, 28.9892523 ], [ 82.5789901, 28.9891925 ], [ 82.5789392, 28.9891934 ], [ 82.5789405, 28.9892532 ] ] ] } },
{ "type": "Feature", "properties": { "element": "way", "id": 1221229828, "building": "yes", "bldg_type": "default", "area_m2": 39.480040986020015, "replacement_value": 27636.028690214011 }, "geometry": { "type": "Polygon", "coordinates": [ [ [ 82.5786361, 28.9904978 ], [ 82.5787034, 28.9904458 ], [ 82.5786725, 28.9904153 ], [ 82.5786053, 28.9904673 ], [ 82.5786361, 28.9904978 ] ] ] } },
{ "type": "Feature", "properties": { "element": "way", "id": 1221229829, "building": "yes", "bldg_type": "default", "area_m2": 106.35476673831855, "replacement_value": 74448.336716822989 }, "geometry": { "type": "Polygon", "coordinates": [ [ [ 82.5801972, 28.9901764 ], [ 82.5802726, 28.9901197 ], [ 82.5801988, 28.9900446 ], [ 82.5801234, 28.9901013 ], [ 82.5801972, 28.9901764 ] ] ] } },
{ "type": "Feature", "properties": { "element": "way", "id": 1221229830, "building": "yes", "bldg_type": "default", "area_m2": 37.298982576883034, "replacement_value": 26109.287803818122 }, "geometry": { "type": "Polygon", "coordinates": [ [ [ 82.5802883, 28.9899394 ], [ 82.5803475, 28.9899155 ], [ 82.580322, 28.9898674 ], [ 82.5802629, 28.9898913 ], [ 82.5802883, 28.9899394 ] ] ] } },
{ "type": "Feature", "properties": { "element": "way", "id": 1221229831, "building": "yes", "bldg_type": "default", "area_m2": 40.729919651080365, "replacement_value": 28510.943755756256 }, "geometry": { "type": "Polygon", "coordinates": [ [ [ 82.5802213, 28.9900215 ], [ 82.580265, 28.9899993 ], [ 82.5802221, 28.9899348 ], [ 82.5801784, 28.989957 ], [ 82.5802213, 28.9900215 ] ] ] } },
{ "type": "Feature", "properties": { "element": "way", "id": 1221229832, "building": "yes", "bldg_type": "default", "area_m2": 23.120470494931478, "replacement_value": 16184.329346452034 }, "geometry": { "type": "Polygon", "coordinates": [ [ [ 82.5800899, 28.9898773 ], [ 82.5801504, 28.9898808 ], [ 82.5801531, 28.9898456 ], [ 82.5800925, 28.9898421 ], [ 82.5800899, 28.9898773 ] ] ] } },
{ "type": "Feature", "properties": { "element": "way", "id": 1221229833, "building": "yes", "bldg_type": "default", "area_m2": 22.504123523701189, "replacement_value": 15752.886466590833 }, "geometry": { "type": "Polygon", "coordinates": [ [ [ 82.5792383, 28.9853397 ], [ 82.5792657, 28.9853074 ], [ 82.5792241, 28.9852804 ], [ 82.5791967, 28.9853127 ], [ 82.5792383, 28.9853397 ] ] ] } },
{ "type": "Feature", "properties": { "element": "way", "id": 1221229834, "building": "yes", "bldg_type": "default", "area_m2": 156.90365080148439, "replacement_value": 109832.55556103907 }, "geometry": { "type": "Polygon", "coordinates": [ [ [ 82.5818521, 28.9885294 ], [ 82.581991, 28.9884884 ], [ 82.5819548, 28.9883945 ], [ 82.5818159, 28.9884355 ], [ 82.5818521, 28.9885294 ] ] ] } },
{ "type": "Feature", "properties": { "element": "way", "id": 1221229835, "building": "yes", "bldg_type": "default", "area_m2": 81.885042361641297, "replacement_value": 57319.529653148908 }, "geometry": { "type": "Polygon", "coordinates": [ [ [ 82.5816375, 28.9886678 ], [ 82.5817248, 28.9886309 ], [ 82.5816859, 28.9885605 ], [ 82.5815986, 28.9885974 ], [ 82.5816375, 28.9886678 ] ] ] } },
{ "type": "Feature", "properties": { "element": "way", "id": 1221229836, "building": "yes", "bldg_type": "default", "area_m2": 13.326615832423842, "replacement_value": 9328.6310826966892 }, "geometry": { "type": "Polygon", "coordinates": [ [ [ 82.5813746, 28.9886103 ], [ 82.58142, 28.9885945 ], [ 82.5814092, 28.988571 ], [ 82.5813639, 28.9885869 ], [ 82.5813746, 28.9886103 ] ] ] } },
{ "type": "Feature", "properties": { "element": "way", "id": 1221229837, "building": "yes", "bldg_type": "default", "area_m2": 26.7622485548737, "replacement_value": 18733.57398841159 }, "geometry": { "type": "Polygon", "coordinates": [ [ [ 82.5814417, 28.988696 ], [ 82.5814997, 28.9886525 ], [ 82.5814755, 28.9886279 ], [ 82.5814176, 28.9886713 ], [ 82.5814417, 28.988696 ] ] ] } },
{ "type": "Feature", "properties": { "element": "way", "id": 1221229838, "building": "yes", "bldg_type": "default", "area_m2": 38.53786235161062, "replacement_value": 26976.503646127436 }, "geometry": { "type": "Polygon", "coordinates": [ [ [ 82.5814001, 28.9886655 ], [ 82.5814653, 28.988625 ], [ 82.5814358, 28.9885886 ], [ 82.5813706, 28.9886291 ], [ 82.5814001, 28.9886655 ] ] ] } },
{ "type": "Feature", "properties": { "element": "way", "id": 1221229839, "building": "yes", "bldg_type": "default", "area_m2": 13.24920198223283, "replacement_value": 9274.4413875629798 }, "geometry": { "type": "Polygon", "coordinates": [ [ [ 82.5813988, 28.9888168 ], [ 82.5814307, 28.9887986 ], [ 82.5814105, 28.9887716 ], [ 82.5813787, 28.9887898 ], [ 82.5813988, 28.9888168 ] ] ] } },
{ "type": "Feature", "properties": { "element": "way", "id": 1221229840, "building": "yes", "bldg_type": "default", "area_m2": 25.363271576240546, "replacement_value": 17754.290103368381 }, "geometry": { "type": "Polygon", "coordinates": [ [ [ 82.5814015, 28.9888895 ], [ 82.5814506, 28.9888687 ], [ 82.5814292, 28.98883 ], [ 82.58138, 28.9888508 ], [ 82.5814015, 28.9888895 ] ] ] } },
{ "type": "Feature", "properties": { "element": "way", "id": 1221229841, "building": "yes", "bldg_type": "default", "area_m2": 107.52886702574929, "replacement_value": 75270.206918024502 }, "geometry": { "type": "Polygon", "coordinates": [ [ [ 82.5812727, 28.9888426 ], [ 82.5813602, 28.9888023 ], [ 82.5813065, 28.9887132 ], [ 82.5812191, 28.9887534 ], [ 82.5812727, 28.9888426 ] ] ] } },
{ "type": "Feature", "properties": { "element": "way", "id": 1221229842, "building": "yes", "bldg_type": "default", "area_m2": 62.036290333965823, "replacement_value": 43425.403233776073 }, "geometry": { "type": "Polygon", "coordinates": [ [ [ 82.5809938, 28.9888919 ], [ 82.5810892, 28.98884 ], [ 82.5810584, 28.9887966 ], [ 82.5809629, 28.9888485 ], [ 82.5809938, 28.9888919 ] ] ] } },
{ "type": "Feature", "properties": { "element": "way", "id": 1221229843, "building": "yes", "bldg_type": "default", "area_m2": 30.764109545580773, "replacement_value": 21534.876681906542 }, "geometry": { "type": "Polygon", "coordinates": [ [ [ 82.5809911, 28.9889799 ], [ 82.58102, 28.9889662 ], [ 82.5809731, 28.98889 ], [ 82.5809441, 28.9889036 ], [ 82.5809911, 28.9889799 ] ] ] } },
{ "type": "Feature", "properties": { "element": "way", "id": 1221229844, "building": "yes", "bldg_type": "default", "area_m2": 32.395066076874819, "replacement_value": 22676.546253812372 }, "geometry": { "type": "Polygon", "coordinates": [ [ [ 82.5810367, 28.9890561 ], [ 82.5810776, 28.9890355 ], [ 82.5810414, 28.9889804 ], [ 82.5810005, 28.989001 ], [ 82.5810367, 28.9890561 ] ] ] } },
{ "type": "Feature", "properties": { "element": "way", "id": 1221229845, "building": "yes", "bldg_type": "default", "area_m2": 16.628420374862227, "replacement_value": 11639.894262403559 }, "geometry": { "type": "Polygon", "coordinates": [ [ [ 82.5809924, 28.9891159 ], [ 82.5810428, 28.9891031 ], [ 82.5810334, 28.9890749 ], [ 82.580983, 28.9890878 ], [ 82.5809924, 28.9891159 ] ] ] } },
{ "type": "Feature", "properties": { "element": "way", "id": 1221229846, "building": "yes", "bldg_type": "default", "area_m2": 86.417669799326603, "replacement_value": 60492.368859528622 }, "geometry": { "type": "Polygon", "coordinates": [ [ [ 82.5808932, 28.9888954 ], [ 82.5809562, 28.9888634 ], [ 82.5808932, 28.9887684 ], [ 82.5808302, 28.9888004 ], [ 82.5808932, 28.9888954 ] ] ] } },
{ "type": "Feature", "properties": { "element": "way", "id": 1221229847, "building": "yes", "bldg_type": "default", "area_m2": 30.991380704539552, "replacement_value": 21693.966493177686 }, "geometry": { "type": "Polygon", "coordinates": [ [ [ 82.5808543, 28.988913 ], [ 82.580879, 28.9889011 ], [ 82.5808226, 28.9888119 ], [ 82.580798, 28.9888238 ], [ 82.5808543, 28.988913 ] ] ] } },
{ "type": "Feature", "properties": { "element": "way", "id": 1221229848, "building": "yes", "bldg_type": "default", "area_m2": 9.6838254541138387, "replacement_value": 6778.6778178796867 }, "geometry": { "type": "Polygon", "coordinates": [ [ [ 82.5807805, 28.98894 ], [ 82.5808159, 28.9889286 ], [ 82.5808065, 28.9889063 ], [ 82.5807711, 28.9889177 ], [ 82.5807805, 28.98894 ] ] ] } },
{ "type": "Feature", "properties": { "element": "way", "id": 1221229849, "building": "yes", "bldg_type": "default", "area_m2": 76.738712833586121, "replacement_value": 53717.098983510281 }, "geometry": { "type": "Polygon", "coordinates": [ [ [ 82.5808261, 28.9890068 ], [ 82.580929, 28.9889664 ], [ 82.5808995, 28.9889089 ], [ 82.5807966, 28.9889494 ], [ 82.5808261, 28.9890068 ] ] ] } },
{ "type": "Feature", "properties": { "element": "way", "id": 1221229850, "building": "yes", "bldg_type": "default", "area_m2": 10.172400108162005, "replacement_value": 7120.6800757134033 }, "geometry": { "type": "Polygon", "coordinates": [ [ [ 82.5806706, 28.9889599 ], [ 82.5807007, 28.9889511 ], [ 82.58069, 28.988923 ], [ 82.5806598, 28.9889318 ], [ 82.5806706, 28.9889599 ] ] ] } },
{ "type": "Feature", "properties": { "element": "way", "id": 1221229851, "building": "yes", "bldg_type": "default", "area_m2": 67.336602163465756, "replacement_value": 47135.621514426028 }, "geometry": { "type": "Polygon", "coordinates": [ [ [ 82.580684, 28.9890432 ], [ 82.5808067, 28.9890074 ], [ 82.5807893, 28.9889617 ], [ 82.5806665, 28.9889975 ], [ 82.580684, 28.9890432 ] ] ] } },
{ "type": "Feature", "properties": { "element": "way", "id": 1221229852, "building": "yes", "bldg_type": "default", "area_m2": 25.548833266320251, "replacement_value": 17884.183286424177 }, "geometry": { "type": "Polygon", "coordinates": [ [ [ 82.5807148, 28.9890983 ], [ 82.580764, 28.9890884 ], [ 82.5807519, 28.9890427 ], [ 82.5807028, 28.9890526 ], [ 82.5807148, 28.9890983 ] ] ] } },
{ "type": "Feature", "properties": { "element": "way", "id": 1221229853, "building": "yes", "bldg_type": "default", "area_m2": 57.924574592746708, "replacement_value": 40547.202214922698 }, "geometry": { "type": "Polygon", "coordinates": [ [ [ 82.5804184, 28.9890737 ], [ 82.5804681, 28.9890646 ], [ 82.58046, 28.9890309 ], [ 82.5804909, 28.9890221 ], [ 82.5804759, 28.9889818 ], [ 82.5803997, 28.9889951 ], [ 82.5804184, 28.9890737 ] ] ] } },
{ "type": "Feature", "properties": { "element": "way", "id": 1221229854, "building": "yes", "bldg_type": "default", "area_m2": 33.800690454136969, "replacement_value": 23660.48331789588 }, "geometry": { "type": "Polygon", "coordinates": [ [ [ 82.5802843, 28.9890338 ], [ 82.5803673, 28.9890198 ], [ 82.5803593, 28.9889834 ], [ 82.5802763, 28.9889975 ], [ 82.5802843, 28.9890338 ] ] ] } },
{ "type": "Feature", "properties": { "element": "way", "id": 1221229855, "building": "yes", "bldg_type": "default", "area_m2": 23.050451262781923, "replacement_value": 16135.315883947345 }, "geometry": { "type": "Polygon", "coordinates": [ [ [ 82.5802267, 28.9890409 ], [ 82.5802659, 28.9890331 ], [ 82.5802525, 28.9889814 ], [ 82.5802132, 28.9889892 ], [ 82.5802267, 28.9890409 ] ] ] } },
{ "type": "Feature", "properties": { "element": "way", "id": 1221229856, "building": "yes", "bldg_type": "default", "area_m2": 45.34756436541138, "replacement_value": 31743.295055787967 }, "geometry": { "type": "Polygon", "coordinates": [ [ [ 82.5801744, 28.9891183 ], [ 82.5802584, 28.9891095 ], [ 82.5802517, 28.9890603 ], [ 82.5801676, 28.989069 ], [ 82.5801744, 28.9891183 ] ] ] } },
{ "type": "Feature", "properties": { "element": "way", "id": 1221229857, "building": "yes", "bldg_type": "default", "area_m2": 22.726371117787735, "replacement_value": 15908.459782451415 }, "geometry": { "type": "Polygon", "coordinates": [ [ [ 82.5801516, 28.9890432 ], [ 82.5801925, 28.9890382 ], [ 82.5801845, 28.9889878 ], [ 82.5801435, 28.9889928 ], [ 82.5801516, 28.9890432 ] ] ] } },
{ "type": "Feature", "properties": { "element": "way", "id": 1221229858, "building": "yes", "bldg_type": "default", "area_m2": 36.694312963407441, "replacement_value": 25686.019074385207 }, "geometry": { "type": "Polygon", "coordinates": [ [ [ 82.5801194, 28.9891511 ], [ 82.5801512, 28.989148 ], [ 82.5801378, 28.9890425 ], [ 82.580106, 28.9890455 ], [ 82.5801194, 28.9891511 ] ] ] } },
{ "type": "Feature", "properties": { "element": "way", "id": 1221229859, "building": "yes", "bldg_type": "default", "area_m2": 44.91289105413027, "replacement_value": 31439.023737891188 }, "geometry": { "type": "Polygon", "coordinates": [ [ [ 82.5799879, 28.9891112 ], [ 82.5800615, 28.9890888 ], [ 82.5800413, 28.9890384 ], [ 82.5799678, 28.9890608 ], [ 82.5799879, 28.9891112 ] ] ] } },
{ "type": "Feature", "properties": { "element": "way", "id": 1221229860, "building": "yes", "bldg_type": "default", "area_m2": 118.97610728039824, "replacement_value": 83283.275096278769 }, "geometry": { "type": "Polygon", "coordinates": [ [ [ 82.5794891, 28.98913 ], [ 82.5796181, 28.9890706 ], [ 82.5795778, 28.9890038 ], [ 82.5794488, 28.9890631 ], [ 82.5794891, 28.98913 ] ] ] } },
{ "type": "Feature", "properties": { "element": "way", "id": 1221229861, "building": "yes", "bldg_type": "default", "area_m2": 60.483637875393235, "replacement_value": 42338.546512775261 }, "geometry": { "type": "Polygon", "coordinates": [ [ [ 82.5795051, 28.9892215 ], [ 82.579633, 28.989171 ], [ 82.5796143, 28.9891346 ], [ 82.5794864, 28.9891851 ], [ 82.5795051, 28.9892215 ] ] ] } },
{ "type": "Feature", "properties": { "element": "way", "id": 1221229862, "building": "yes", "bldg_type": "default", "area_m2": 39.717230984779526, "replacement_value": 27802.061689345668 }, "geometry": { "type": "Polygon", "coordinates": [ [ [ 82.5792879, 28.9890315 ], [ 82.5793696, 28.989018 ], [ 82.5793602, 28.9889745 ], [ 82.5792785, 28.9889881 ], [ 82.5792879, 28.9890315 ] ] ] } },
{ "type": "Feature", "properties": { "element": "way", "id": 1221229863, "building": "yes", "bldg_type": "default", "area_m2": 62.803627025812567, "replacement_value": 43962.5389180688 }, "geometry": { "type": "Polygon", "coordinates": [ [ [ 82.5793482, 28.9891805 ], [ 82.5794304, 28.9891422 ], [ 82.5793969, 28.9890871 ], [ 82.5793147, 28.9891253 ], [ 82.5793482, 28.9891805 ] ] ] } },
{ "type": "Feature", "properties": { "element": "way", "id": 1221229864, "building": "yes", "bldg_type": "default", "area_m2": 77.424747230665147, "replacement_value": 54197.323061465606 }, "geometry": { "type": "Polygon", "coordinates": [ [ [ 82.5792262, 28.9892086 ], [ 82.579309, 28.9891507 ], [ 82.5792607, 28.9890979 ], [ 82.5791779, 28.9891558 ], [ 82.5792262, 28.9892086 ] ] ] } },
{ "type": "Feature", "properties": { "element": "way", "id": 1221229865, "building": "yes", "bldg_type": "default", "area_m2": 51.089027551329202, "replacement_value": 35762.31928593044 }, "geometry": { "type": "Polygon", "coordinates": [ [ [ 82.5789553, 28.9891101 ], [ 82.5790447, 28.9890627 ], [ 82.5790179, 28.989024 ], [ 82.5789285, 28.9890714 ], [ 82.5789553, 28.9891101 ] ] ] } },
{ "type": "Feature", "properties": { "element": "way", "id": 1221231030, "building": "yes", "bldg_type": "default", "area_m2": 31.700478878227756, "replacement_value": 22190.335214759431 }, "geometry": { "type": "Polygon", "coordinates": [ [ [ 82.5766553, 28.9731549 ], [ 82.5767383, 28.9731501 ], [ 82.5767356, 28.9731149 ], [ 82.5766526, 28.9731197 ], [ 82.5766553, 28.9731549 ] ] ] } },
{ "type": "Feature", "properties": { "element": "way", "id": 1221231031, "building": "yes", "bldg_type": "default", "area_m2": 60.630785953084256, "replacement_value": 42441.550167158981 }, "geometry": { "type": "Polygon", "coordinates": [ [ [ 82.576611, 28.9724123 ], [ 82.5766812, 28.9723471 ], [ 82.5766356, 28.9723095 ], [ 82.5765654, 28.9723747 ], [ 82.576611, 28.9724123 ] ] ] } },
{ "type": "Feature", "properties": { "element": "way", "id": 1221231032, "building": "yes", "bldg_type": "default", "area_m2": 39.034304658900382, "replacement_value": 27324.013261230266 }, "geometry": { "type": "Polygon", "coordinates": [ [ [ 82.5801221, 28.9760083 ], [ 82.5801472, 28.9759761 ], [ 82.5800708, 28.9759303 ], [ 82.5800456, 28.9759625 ], [ 82.5801221, 28.9760083 ] ] ] } },
{ "type": "Feature", "properties": { "element": "way", "id": 1221231033, "building": "yes", "bldg_type": "default", "area_m2": 33.652813113150707, "replacement_value": 23556.969179205495 }, "geometry": { "type": "Polygon", "coordinates": [ [ [ 82.5775726, 28.9758569 ], [ 82.5776513, 28.9758465 ], [ 82.5776446, 28.9758078 ], [ 82.5775659, 28.9758182 ], [ 82.5775726, 28.9758569 ] ] ] } },
{ "type": "Feature", "properties": { "element": "way", "id": 1221231034, "building": "yes", "bldg_type": "default", "area_m2": 22.350054877361231, "replacement_value": 15645.038414152861 }, "geometry": { "type": "Polygon", "coordinates": [ [ [ 82.5774305, 28.9758288 ], [ 82.5774896, 28.9758377 ], [ 82.5774963, 28.9758037 ], [ 82.5774372, 28.9757948 ], [ 82.5774305, 28.9758288 ] ] ] } },
{ "type": "Feature", "properties": { "element": "way", "id": 1221231035, "building": "yes", "bldg_type": "default", "area_m2": 28.280927714682051, "replacement_value": 19796.649400277434 }, "geometry": { "type": "Polygon", "coordinates": [ [ [ 82.5763535, 28.9779195 ], [ 82.5764064, 28.9779116 ], [ 82.576397, 28.9778635 ], [ 82.5763442, 28.9778713 ], [ 82.5763535, 28.9779195 ] ] ] } },
{ "type": "Feature", "properties": { "element": "way", "id": 1221231036, "building": "yes", "bldg_type": "default", "area_m2": 38.794556837506043, "replacement_value": 27156.189786254232 }, "geometry": { "type": "Polygon", "coordinates": [ [ [ 82.5774425, 28.9784673 ], [ 82.5775145, 28.9784831 ], [ 82.5775279, 28.9784361 ], [ 82.5774559, 28.9784204 ], [ 82.5774425, 28.9784673 ] ] ] } },
{ "type": "Feature", "properties": { "element": "way", "id": 1221231037, "building": "yes", "bldg_type": "default", "area_m2": 25.066963964863682, "replacement_value": 17546.874775404576 }, "geometry": { "type": "Polygon", "coordinates": [ [ [ 82.5782271, 28.9783653 ], [ 82.5782467, 28.9783361 ], [ 82.5781877, 28.9783056 ], [ 82.5781681, 28.9783348 ], [ 82.5782271, 28.9783653 ] ] ] } },
{ "type": "Feature", "properties": { "element": "way", "id": 1221231038, "building": "yes", "bldg_type": "default", "area_m2": 11.291642420035856, "replacement_value": 7904.1496940250991 }, "geometry": { "type": "Polygon", "coordinates": [ [ [ 82.5807175, 28.977808 ], [ 82.5807332, 28.977787 ], [ 82.5806983, 28.9777671 ], [ 82.5806826, 28.9777881 ], [ 82.5807175, 28.977808 ] ] ] } },
{ "type": "Feature", "properties": { "element": "way", "id": 1221231039, "building": "yes", "bldg_type": "default", "area_m2": 33.484974171802335, "replacement_value": 23439.481920261635 }, "geometry": { "type": "Polygon", "coordinates": [ [ [ 82.5807403, 28.9778056 ], [ 82.5808186, 28.977816 ], [ 82.5808253, 28.9777773 ], [ 82.580747, 28.9777669 ], [ 82.5807403, 28.9778056 ] ] ] } },
{ "type": "Feature", "properties": { "element": "way", "id": 1221231040, "building": "yes", "bldg_type": "default", "area_m2": 55.301231904067436, "replacement_value": 38710.862332847202 }, "geometry": { "type": "Polygon", "coordinates": [ [ [ 82.5774036, 28.9747787 ], [ 82.5775024, 28.9747846 ], [ 82.5775064, 28.974733 ], [ 82.5774077, 28.9747271 ], [ 82.5774036, 28.9747787 ] ] ] } },
{ "type": "Feature", "properties": { "element": "way", "id": 1221231041, "building": "yes", "bldg_type": "default", "area_m2": 18.094259562291036, "replacement_value": 12665.981693603726 }, "geometry": { "type": "Polygon", "coordinates": [ [ [ 82.5765668, 28.9783747 ], [ 82.5766155, 28.9783655 ], [ 82.5766075, 28.9783327 ], [ 82.5765587, 28.9783418 ], [ 82.5765668, 28.9783747 ] ] ] } },
{ "type": "Feature", "properties": { "element": "way", "id": 1221231042, "building": "yes", "bldg_type": "default", "area_m2": 25.525300888572346, "replacement_value": 17867.710622000643 }, "geometry": { "type": "Polygon", "coordinates": [ [ [ 82.5773822, 28.977876 ], [ 82.5774179, 28.9778338 ], [ 82.5773817, 28.9778104 ], [ 82.577346, 28.9778526 ], [ 82.5773822, 28.977876 ] ] ] } },
{ "type": "Feature", "properties": { "element": "way", "id": 1221231043, "building": "yes", "bldg_type": "default", "area_m2": 30.826731388977038, "replacement_value": 21578.711972283927 }, "geometry": { "type": "Polygon", "coordinates": [ [ [ 82.577114, 28.97814 ], [ 82.5771464, 28.9781241 ], [ 82.5771035, 28.9780572 ], [ 82.577071, 28.9780731 ], [ 82.577114, 28.97814 ] ] ] } },
{ "type": "Feature", "properties": { "element": "way", "id": 1221231044, "building": "yes", "bldg_type": "default", "area_m2": 53.557213745914524, "replacement_value": 37490.04962214017 }, "geometry": { "type": "Polygon", "coordinates": [ [ [ 82.5767398, 28.9780684 ], [ 82.5768136, 28.9780639 ], [ 82.5768082, 28.977997 ], [ 82.5767344, 28.9780016 ], [ 82.5767398, 28.9780684 ] ] ] } },
{ "type": "Feature", "properties": { "element": "way", "id": 1221231045, "building": "yes", "bldg_type": "default", "area_m2": 22.108835770215201, "replacement_value": 15476.185039150641 }, "geometry": { "type": "Polygon", "coordinates": [ [ [ 82.577645, 28.9768905 ], [ 82.5777282, 28.9768905 ], [ 82.5777282, 28.9768659 ], [ 82.577645, 28.9768659 ], [ 82.577645, 28.9768905 ] ] ] } },
{ "type": "Feature", "properties": { "element": "way", "id": 1221231046, "building": "yes", "bldg_type": "default", "area_m2": 31.965535573075137, "replacement_value": 22375.874901152594 }, "geometry": { "type": "Polygon", "coordinates": [ [ [ 82.5772333, 28.9764729 ], [ 82.5773111, 28.976494 ], [ 82.5773234, 28.9764593 ], [ 82.5772456, 28.9764382 ], [ 82.5772333, 28.9764729 ] ] ] } },
{ "type": "Feature", "properties": { "element": "way", "id": 1221232182, "building": "yes", "bldg_type": "default", "area_m2": 61.032521366963856, "replacement_value": 42722.7649568747 }, "geometry": { "type": "Polygon", "coordinates": [ [ [ 82.5321172, 28.9687903 ], [ 82.5321689, 28.9687834 ], [ 82.5321501, 28.9686766 ], [ 82.5320984, 28.9686836 ], [ 82.5321172, 28.9687903 ] ] ] } },
{ "type": "Feature", "properties": { "element": "way", "id": 1221232183, "building": "yes", "bldg_type": "default", "area_m2": 11.951463441079467, "replacement_value": 8366.0244087556275 }, "geometry": { "type": "Polygon", "coordinates": [ [ [ 82.5323492, 28.9698498 ], [ 82.5323841, 28.9698498 ], [ 82.5323841, 28.9698181 ], [ 82.5323492, 28.9698181 ], [ 82.5323492, 28.9698498 ] ] ] } },
{ "type": "Feature", "properties": { "element": "way", "id": 1221232184, "building": "yes", "bldg_type": "default", "area_m2": 22.345991399522326, "replacement_value": 15642.193979665628 }, "geometry": { "type": "Polygon", "coordinates": [ [ [ 82.532317, 28.9697618 ], [ 82.5323798, 28.9697657 ], [ 82.5323824, 28.9697329 ], [ 82.5323197, 28.969729 ], [ 82.532317, 28.9697618 ] ] ] } },
{ "type": "Feature", "properties": { "element": "way", "id": 1221232185, "building": "yes", "bldg_type": "default", "area_m2": 45.457895378464904, "replacement_value": 31820.526764925435 }, "geometry": { "type": "Polygon", "coordinates": [ [ [ 82.5324297, 28.969817 ], [ 82.5324694, 28.9698075 ], [ 82.5324385, 28.9697089 ], [ 82.5323988, 28.9697184 ], [ 82.5324297, 28.969817 ] ] ] } },
{ "type": "Feature", "properties": { "element": "way", "id": 1221232186, "building": "yes", "bldg_type": "default", "area_m2": 13.307708784005687, "replacement_value": 9315.3961488039804 }, "geometry": { "type": "Polygon", "coordinates": [ [ [ 82.5327395, 28.9702229 ], [ 82.5327677, 28.9702249 ], [ 82.5327717, 28.9701815 ], [ 82.5327435, 28.9701795 ], [ 82.5327395, 28.9702229 ] ] ] } },
{ "type": "Feature", "properties": { "element": "way", "id": 1221232187, "building": "yes", "bldg_type": "default", "area_m2": 18.12810976058455, "replacement_value": 12689.676832409184 }, "geometry": { "type": "Polygon", "coordinates": [ [ [ 82.5326724, 28.9702663 ], [ 82.5327178, 28.9702715 ], [ 82.5327232, 28.9702351 ], [ 82.5326778, 28.97023 ], [ 82.5326724, 28.9702663 ] ] ] } },
{ "type": "Feature", "properties": { "element": "way", "id": 1221232188, "building": "yes", "bldg_type": "default", "area_m2": 35.657356684015568, "replacement_value": 24960.149678810896 }, "geometry": { "type": "Polygon", "coordinates": [ [ [ 82.5326443, 28.970169 ], [ 82.5326845, 28.9701604 ], [ 82.5326631, 28.970083 ], [ 82.5326228, 28.9700915 ], [ 82.5326443, 28.970169 ] ] ] } },
{ "type": "Feature", "properties": { "element": "way", "id": 1221232189, "building": "yes", "bldg_type": "default", "area_m2": 70.105861205908795, "replacement_value": 49074.102844136156 }, "geometry": { "type": "Polygon", "coordinates": [ [ [ 82.5322647, 28.9695588 ], [ 82.5323353, 28.9695438 ], [ 82.5323112, 28.969457 ], [ 82.5322406, 28.969472 ], [ 82.5322647, 28.9695588 ] ] ] } },
{ "type": "Feature", "properties": { "element": "way", "id": 1221232190, "building": "yes", "bldg_type": "default", "area_m2": 62.92397857900464, "replacement_value": 44046.785005303245 }, "geometry": { "type": "Polygon", "coordinates": [ [ [ 82.5427267, 28.9791642 ], [ 82.5427763, 28.9791208 ], [ 82.5427093, 28.9790621 ], [ 82.5426596, 28.9791056 ], [ 82.5427267, 28.9791642 ] ] ] } },
{ "type": "Feature", "properties": { "element": "way", "id": 1221232191, "building": "yes", "bldg_type": "default", "area_m2": 43.959274575686329, "replacement_value": 30771.492202980429 }, "geometry": { "type": "Polygon", "coordinates": [ [ [ 82.5429171, 28.9785049 ], [ 82.5429674, 28.9784997 ], [ 82.5429567, 28.9784199 ], [ 82.5429064, 28.9784251 ], [ 82.5429171, 28.9785049 ] ] ] } },
{ "type": "Feature", "properties": { "element": "way", "id": 1221232192, "building": "yes", "bldg_type": "default", "area_m2": 88.220268204581458, "replacement_value": 61754.187743207018 }, "geometry": { "type": "Polygon", "coordinates": [ [ [ 82.5428662, 28.9783664 ], [ 82.5429439, 28.9783352 ], [ 82.5428983, 28.9782484 ], [ 82.5428206, 28.9782796 ], [ 82.5428662, 28.9783664 ] ] ] } },
{ "type": "Feature", "properties": { "element": "way", "id": 1221232193, "building": "yes", "bldg_type": "default", "area_m2": 91.642095234418264, "replacement_value": 64149.466664092783 }, "geometry": { "type": "Polygon", "coordinates": [ [ [ 82.5428045, 28.9782562 ], [ 82.5428776, 28.9782171 ], [ 82.5428186, 28.9781326 ], [ 82.5427455, 28.9781717 ], [ 82.5428045, 28.9782562 ] ] ] } },
{ "type": "Feature", "properties": { "element": "way", "id": 1221232194, "building": "yes", "bldg_type": "default", "area_m2": 47.92643718531572, "replacement_value": 33548.506029721008 }, "geometry": { "type": "Polygon", "coordinates": [ [ [ 82.5426221, 28.9780309 ], [ 82.5426651, 28.9780472 ], [ 82.5427081, 28.9779604 ], [ 82.542665, 28.9779441 ], [ 82.5426221, 28.9780309 ] ] ] } },
{ "type": "Feature", "properties": { "element": "way", "id": 1221232195, "building": "yes", "bldg_type": "default", "area_m2": 33.723981162091313, "replacement_value": 23606.786813463917 }, "geometry": { "type": "Polygon", "coordinates": [ [ [ 82.5425845, 28.9779441 ], [ 82.5426313, 28.9779567 ], [ 82.5426527, 28.9778957 ], [ 82.542606, 28.9778831 ], [ 82.5425845, 28.9779441 ] ] ] } },
{ "type": "Feature", "properties": { "element": "way", "id": 1221232196, "building": "yes", "bldg_type": "default", "area_m2": 57.142699214355034, "replacement_value": 39999.889450048526 }, "geometry": { "type": "Polygon", "coordinates": [ [ [ 82.5424612, 28.977801 ], [ 82.54251, 28.9777616 ], [ 82.5424483, 28.977703 ], [ 82.5423995, 28.9777423 ], [ 82.5424612, 28.977801 ] ] ] } },
{ "type": "Feature", "properties": { "element": "way", "id": 1221232197, "building": "yes", "bldg_type": "default", "area_m2": 49.279807661659135, "replacement_value": 34495.865363161392 }, "geometry": { "type": "Polygon", "coordinates": [ [ [ 82.5424585, 28.9753912 ], [ 82.5424874, 28.975344 ], [ 82.5424123, 28.9753088 ], [ 82.5423834, 28.975356 ], [ 82.5424585, 28.9753912 ] ] ] } },
{ "type": "Feature", "properties": { "element": "way", "id": 1221232198, "building": "yes", "bldg_type": "default", "area_m2": 24.547051797455577, "replacement_value": 17182.936258218902 }, "geometry": { "type": "Polygon", "coordinates": [ [ [ 82.5433248, 28.9751788 ], [ 82.543357, 28.9751524 ], [ 82.5433168, 28.9751148 ], [ 82.5432846, 28.9751413 ], [ 82.5433248, 28.9751788 ] ] ] } },
{ "type": "Feature", "properties": { "element": "way", "id": 1221232199, "building": "yes", "bldg_type": "default", "area_m2": 30.028235664257245, "replacement_value": 21019.764964980073 }, "geometry": { "type": "Polygon", "coordinates": [ [ [ 82.5438291, 28.9743869 ], [ 82.5438639, 28.9743564 ], [ 82.5438184, 28.9743165 ], [ 82.5437835, 28.974347 ], [ 82.5438291, 28.9743869 ] ] ] } },
{ "type": "Feature", "properties": { "element": "way", "id": 1221232200, "building": "yes", "bldg_type": "default", "area_m2": 53.548903242277987, "replacement_value": 37484.232269594591 }, "geometry": { "type": "Polygon", "coordinates": [ [ [ 82.5370029, 28.9751917 ], [ 82.5370544, 28.9751677 ], [ 82.5370088, 28.9750927 ], [ 82.5369573, 28.9751166 ], [ 82.5370029, 28.9751917 ] ] ] } },
{ "type": "Feature", "properties": { "element": "way", "id": 1221232201, "building": "yes", "bldg_type": "default", "area_m2": 83.190227786229912, "replacement_value": 58233.159450360938 }, "geometry": { "type": "Polygon", "coordinates": [ [ [ 82.537711, 28.975363 ], [ 82.5377666, 28.9753135 ], [ 82.5376874, 28.9752455 ], [ 82.5376318, 28.975295 ], [ 82.537711, 28.975363 ] ] ] } },
{ "type": "Feature", "properties": { "element": "way", "id": 1221232202, "building": "yes", "bldg_type": "default", "area_m2": 42.336361260593158, "replacement_value": 29635.452882415211 }, "geometry": { "type": "Polygon", "coordinates": [ [ [ 82.5375634, 28.9754522 ], [ 82.5376284, 28.9754842 ], [ 82.5376579, 28.9754385 ], [ 82.5375929, 28.9754064 ], [ 82.5375634, 28.9754522 ] ] ] } },
{ "type": "Feature", "properties": { "element": "way", "id": 1221232203, "building": "yes", "bldg_type": "default", "area_m2": 18.791613387063652, "replacement_value": 13154.129370944556 }, "geometry": { "type": "Polygon", "coordinates": [ [ [ 82.5374588, 28.9754498 ], [ 82.5375009, 28.9754263 ], [ 82.5374795, 28.9753969 ], [ 82.5374374, 28.9754205 ], [ 82.5374588, 28.9754498 ] ] ] } },
{ "type": "Feature", "properties": { "element": "way", "id": 1221232204, "building": "yes", "bldg_type": "default", "area_m2": 20.978591005252575, "replacement_value": 14685.013703676803 }, "geometry": { "type": "Polygon", "coordinates": [ [ [ 82.5378478, 28.975932 ], [ 82.5378954, 28.9759154 ], [ 82.5378799, 28.9758816 ], [ 82.5378793, 28.9758802 ], [ 82.5378317, 28.9758968 ], [ 82.5378478, 28.975932 ] ] ] } },
{ "type": "Feature", "properties": { "element": "way", "id": 1221232205, "building": "yes", "bldg_type": "default", "area_m2": 22.391852006158103, "replacement_value": 15674.296404310673 }, "geometry": { "type": "Polygon", "coordinates": [ [ [ 82.5377619, 28.9758769 ], [ 82.5378069, 28.9758696 ], [ 82.5377975, 28.9758251 ], [ 82.5377525, 28.9758323 ], [ 82.5377619, 28.9758769 ] ] ] } },
{ "type": "Feature", "properties": { "element": "way", "id": 1221232206, "building": "yes", "bldg_type": "default", "area_m2": 17.58238769811922, "replacement_value": 12307.671388683453 }, "geometry": { "type": "Polygon", "coordinates": [ [ [ 82.5379094, 28.9759203 ], [ 82.5379385, 28.9759033 ], [ 82.537909, 28.9758646 ], [ 82.5378799, 28.9758816 ], [ 82.5379094, 28.9759203 ] ] ] } },
{ "type": "Feature", "properties": { "element": "way", "id": 1221232207, "building": "yes", "bldg_type": "default", "area_m2": 37.617983399323251, "replacement_value": 26332.588379526274 }, "geometry": { "type": "Polygon", "coordinates": [ [ [ 82.5341061, 28.9758253 ], [ 82.5341785, 28.9758253 ], [ 82.5341785, 28.9757772 ], [ 82.5341061, 28.9757772 ], [ 82.5341061, 28.9758253 ] ] ] } },
{ "type": "Feature", "properties": { "element": "way", "id": 1221232208, "building": "yes", "bldg_type": "default", "area_m2": 105.70769192240408, "replacement_value": 73995.384345682862 }, "geometry": { "type": "Polygon", "coordinates": [ [ [ 82.5344038, 28.9742648 ], [ 82.5344757, 28.9742238 ], [ 82.5344045, 28.9741283 ], [ 82.5343326, 28.9741694 ], [ 82.5344038, 28.9742648 ] ] ] } },
{ "type": "Feature", "properties": { "element": "way", "id": 1221232209, "building": "yes", "bldg_type": "default", "area_m2": 62.738362770766479, "replacement_value": 43916.853939536537 }, "geometry": { "type": "Polygon", "coordinates": [ [ [ 82.5333899, 28.9729555 ], [ 82.5334549, 28.9729331 ], [ 82.53342, 28.9728557 ], [ 82.5333551, 28.9728781 ], [ 82.5333899, 28.9729555 ] ] ] } },
{ "type": "Feature", "properties": { "element": "way", "id": 1221232210, "building": "yes", "bldg_type": "default", "area_m2": 47.967504904246951, "replacement_value": 33577.253432972866 }, "geometry": { "type": "Polygon", "coordinates": [ [ [ 82.5336528, 28.9735726 ], [ 82.5337381, 28.9735794 ], [ 82.5337435, 28.9735278 ], [ 82.5336581, 28.973521 ], [ 82.5336528, 28.9735726 ] ] ] } },
{ "type": "Feature", "properties": { "element": "way", "id": 1221234363, "building": "yes", "bldg_type": "default", "area_m2": 40.143560966422505, "replacement_value": 28100.492676495753 }, "geometry": { "type": "Polygon", "coordinates": [ [ [ 82.5209177, 28.958284 ], [ 82.5209698, 28.9582762 ], [ 82.5209564, 28.958207 ], [ 82.5209042, 28.9582147 ], [ 82.5209177, 28.958284 ] ] ] } },
{ "type": "Feature", "properties": { "element": "way", "id": 1221234364, "building": "yes", "bldg_type": "default", "area_m2": 30.012923114773976, "replacement_value": 21009.046180341782 }, "geometry": { "type": "Polygon", "coordinates": [ [ [ 82.5211577, 28.9579343 ], [ 82.5212156, 28.9578999 ], [ 82.5211901, 28.9578671 ], [ 82.5211322, 28.9579014 ], [ 82.5211577, 28.9579343 ] ] ] } },
{ "type": "Feature", "properties": { "element": "way", "id": 1221234365, "building": "yes", "bldg_type": "default", "area_m2": 37.19651666388085, "replacement_value": 26037.561664716595 }, "geometry": { "type": "Polygon", "coordinates": [ [ [ 82.5220858, 28.9585492 ], [ 82.5221053, 28.95851 ], [ 82.5220315, 28.9584818 ], [ 82.522012, 28.958521 ], [ 82.5220858, 28.9585492 ] ] ] } },
{ "type": "Feature", "properties": { "element": "way", "id": 1221234366, "building": "yes", "bldg_type": "default", "area_m2": 7.2330824225001908, "replacement_value": 5063.1576957501338 }, "geometry": { "type": "Polygon", "coordinates": [ [ [ 82.5211376, 28.9578275 ], [ 82.5211544, 28.9578128 ], [ 82.5211316, 28.9577929 ], [ 82.5211148, 28.9578076 ], [ 82.5211376, 28.9578275 ] ] ] } },
{ "type": "Feature", "properties": { "element": "way", "id": 1221234367, "building": "yes", "bldg_type": "default", "area_m2": 15.754754209154934, "replacement_value": 11028.327946408453 }, "geometry": { "type": "Polygon", "coordinates": [ [ [ 82.5211309, 28.9578874 ], [ 82.5211486, 28.9578714 ], [ 82.5211016, 28.9578315 ], [ 82.5210839, 28.9578475 ], [ 82.5211309, 28.9578874 ] ] ] } },
{ "type": "Feature", "properties": { "element": "way", "id": 1221234368, "building": "yes", "bldg_type": "default", "area_m2": 22.033149678832444, "replacement_value": 15423.20477518271 }, "geometry": { "type": "Polygon", "coordinates": [ [ [ 82.5210759, 28.9578216 ], [ 82.5211106, 28.9577887 ], [ 82.521077, 28.9577617 ], [ 82.5210424, 28.9577946 ], [ 82.5210759, 28.9578216 ] ] ] } },
{ "type": "Feature", "properties": { "element": "way", "id": 1221234369, "building": "yes", "bldg_type": "default", "area_m2": 45.194662712292413, "replacement_value": 31636.263898604688 }, "geometry": { "type": "Polygon", "coordinates": [ [ [ 82.5187772, 28.95432 ], [ 82.5188205, 28.9542863 ], [ 82.5187655, 28.9542324 ], [ 82.5187223, 28.9542661 ], [ 82.5187772, 28.95432 ] ] ] } },
{ "type": "Feature", "properties": { "element": "way", "id": 1221234370, "building": "yes", "bldg_type": "default", "area_m2": 38.142892441881266, "replacement_value": 26700.024709316887 }, "geometry": { "type": "Polygon", "coordinates": [ [ [ 82.5190562, 28.9542004 ], [ 82.5191165, 28.9541812 ], [ 82.519095, 28.9541295 ], [ 82.5190347, 28.9541487 ], [ 82.5190562, 28.9542004 ] ] ] } },
{ "type": "Feature", "properties": { "element": "way", "id": 1221234371, "building": "yes", "bldg_type": "default", "area_m2": 46.125013153002833, "replacement_value": 32287.509207101983 }, "geometry": { "type": "Polygon", "coordinates": [ [ [ 82.5190267, 28.9541041 ], [ 82.5190869, 28.9540932 ], [ 82.5190708, 28.9540252 ], [ 82.5190106, 28.9540361 ], [ 82.5190267, 28.9541041 ] ] ] } },
{ "type": "Feature", "properties": { "element": "way", "id": 1221234372, "building": "yes", "bldg_type": "default", "area_m2": 54.77898906411454, "replacement_value": 38345.292344880181 }, "geometry": { "type": "Polygon", "coordinates": [ [ [ 82.5188443, 28.9541816 ], [ 82.5188997, 28.954163 ], [ 82.5188648, 28.9540832 ], [ 82.5188094, 28.9541018 ], [ 82.5188443, 28.9541816 ] ] ] } },
{ "type": "Feature", "properties": { "element": "way", "id": 1221234373, "building": "yes", "bldg_type": "default", "area_m2": 65.685299036491614, "replacement_value": 45979.709325544129 }, "geometry": { "type": "Polygon", "coordinates": [ [ [ 82.5189382, 28.9545899 ], [ 82.5189878, 28.9545429 ], [ 82.5189181, 28.9544865 ], [ 82.5188684, 28.9545336 ], [ 82.5189382, 28.9545899 ] ] ] } },
{ "type": "Feature", "properties": { "element": "way", "id": 1221234374, "building": "yes", "bldg_type": "default", "area_m2": 26.517195336617924, "replacement_value": 18562.036735632548 }, "geometry": { "type": "Polygon", "coordinates": [ [ [ 82.5186297, 28.9541863 ], [ 82.5186759, 28.9541545 ], [ 82.5186464, 28.9541217 ], [ 82.5186002, 28.9541534 ], [ 82.5186297, 28.9541863 ] ] ] } },
{ "type": "Feature", "properties": { "element": "way", "id": 1221234375, "building": "yes", "bldg_type": "default", "area_m2": 70.868577202187367, "replacement_value": 49608.00404153116 }, "geometry": { "type": "Polygon", "coordinates": [ [ [ 82.5186673, 28.9540408 ], [ 82.5187279, 28.9540389 ], [ 82.5187235, 28.9539308 ], [ 82.5186629, 28.9539327 ], [ 82.5186673, 28.9540408 ] ] ] } },
{ "type": "Feature", "properties": { "element": "way", "id": 1221234376, "building": "yes", "bldg_type": "default", "area_m2": 46.297748126471909, "replacement_value": 32408.423688530336 }, "geometry": { "type": "Polygon", "coordinates": [ [ [ 82.5190213, 28.9539398 ], [ 82.519058, 28.9539318 ], [ 82.5190265, 28.9538219 ], [ 82.5189898, 28.95383 ], [ 82.5190213, 28.9539398 ] ] ] } },
{ "type": "Feature", "properties": { "element": "way", "id": 1221234377, "building": "yes", "bldg_type": "default", "area_m2": 23.007858284772301, "replacement_value": 16105.500799340611 }, "geometry": { "type": "Polygon", "coordinates": [ [ [ 82.518973, 28.953738 ], [ 82.5190158, 28.9537416 ], [ 82.5190212, 28.9536923 ], [ 82.5189784, 28.9536887 ], [ 82.518973, 28.953738 ] ] ] } },
{ "type": "Feature", "properties": { "element": "way", "id": 1221234378, "building": "yes", "bldg_type": "default", "area_m2": 23.193505491757222, "replacement_value": 16235.453844230055 }, "geometry": { "type": "Polygon", "coordinates": [ [ [ 82.5189623, 28.9536207 ], [ 82.519002, 28.9536194 ], [ 82.5189998, 28.9535654 ], [ 82.5189601, 28.9535667 ], [ 82.5189623, 28.9536207 ] ] ] } },
{ "type": "Feature", "properties": { "element": "way", "id": 1221234379, "building": "yes", "bldg_type": "default", "area_m2": 31.63085740713051, "replacement_value": 22141.600184991355 }, "geometry": { "type": "Polygon", "coordinates": [ [ [ 82.518509, 28.9538483 ], [ 82.5185585, 28.9538525 ], [ 82.5185649, 28.9537939 ], [ 82.5185154, 28.9537897 ], [ 82.518509, 28.9538483 ] ] ] } },
{ "type": "Feature", "properties": { "element": "way", "id": 1221234380, "building": "yes", "bldg_type": "default", "area_m2": 92.747801697804491, "replacement_value": 64923.461188463145 }, "geometry": { "type": "Polygon", "coordinates": [ [ [ 82.518501, 28.9535995 ], [ 82.5185843, 28.9536091 ], [ 82.5185995, 28.9535078 ], [ 82.5185162, 28.9534982 ], [ 82.518501, 28.9535995 ] ] ] } },
{ "type": "Feature", "properties": { "element": "way", "id": 1221234381, "building": "yes", "bldg_type": "default", "area_m2": 33.483018523855158, "replacement_value": 23438.112966698609 }, "geometry": { "type": "Polygon", "coordinates": [ [ [ 82.5189435, 28.9534822 ], [ 82.518989, 28.9534808 ], [ 82.5189862, 28.9534127 ], [ 82.5189408, 28.9534141 ], [ 82.5189435, 28.9534822 ] ] ] } },
{ "type": "Feature", "properties": { "element": "way", "id": 1221234382, "building": "yes", "bldg_type": "default", "area_m2": 22.086703693904589, "replacement_value": 15460.692585733212 }, "geometry": { "type": "Polygon", "coordinates": [ [ [ 82.5189221, 28.9533296 ], [ 82.5189579, 28.9533263 ], [ 82.5189512, 28.9532699 ], [ 82.5189153, 28.9532732 ], [ 82.5189221, 28.9533296 ] ] ] } },
{ "type": "Feature", "properties": { "element": "way", "id": 1221234383, "building": "yes", "bldg_type": "default", "area_m2": 44.718163489772415, "replacement_value": 31302.71444284069 }, "geometry": { "type": "Polygon", "coordinates": [ [ [ 82.5190937, 28.9533601 ], [ 82.5191424, 28.9533495 ], [ 82.5191194, 28.9532694 ], [ 82.5190708, 28.9532801 ], [ 82.5190937, 28.9533601 ] ] ] } },
{ "type": "Feature", "properties": { "element": "way", "id": 1221234384, "building": "yes", "bldg_type": "default", "area_m2": 23.489749309872163, "replacement_value": 16442.824516910514 }, "geometry": { "type": "Polygon", "coordinates": [ [ [ 82.5185305, 28.9531982 ], [ 82.5185774, 28.9531905 ], [ 82.5185679, 28.9531458 ], [ 82.5185209, 28.9531534 ], [ 82.5185305, 28.9531982 ] ] ] } },
{ "type": "Feature", "properties": { "element": "way", "id": 1221234385, "building": "yes", "bldg_type": "default", "area_m2": 60.963676160255119, "replacement_value": 42674.573312178582 }, "geometry": { "type": "Polygon", "coordinates": [ [ [ 82.5184876, 28.9531067 ], [ 82.5185419, 28.9530947 ], [ 82.5185139, 28.952997 ], [ 82.5184596, 28.9530089 ], [ 82.5184876, 28.9531067 ] ] ] } },
{ "type": "Feature", "properties": { "element": "way", "id": 1221234386, "building": "yes", "bldg_type": "default", "area_m2": 62.419475903318585, "replacement_value": 43693.633132323012 }, "geometry": { "type": "Polygon", "coordinates": [ [ [ 82.5185788, 28.9530034 ], [ 82.5186451, 28.953007 ], [ 82.5186513, 28.9529202 ], [ 82.518585, 28.9529166 ], [ 82.5185788, 28.9530034 ] ] ] } },
{ "type": "Feature", "properties": { "element": "way", "id": 1221234387, "building": "yes", "bldg_type": "default", "area_m2": 69.487008216037921, "replacement_value": 48640.905751226543 }, "geometry": { "type": "Polygon", "coordinates": [ [ [ 82.5186485, 28.9528954 ], [ 82.5187183, 28.952889 ], [ 82.5187073, 28.9527978 ], [ 82.5186376, 28.9528042 ], [ 82.5186485, 28.9528954 ] ] ] } },
{ "type": "Feature", "properties": { "element": "way", "id": 1221282216, "building": "yes", "bldg_type": "default", "area_m2": 11.282427213957211, "replacement_value": 7897.6990497700481 }, "geometry": { "type": "Polygon", "coordinates": [ [ [ 82.5398963, 29.00187 ], [ 82.5398675, 29.0018564 ], [ 82.5398742, 29.0018455 ], [ 82.5398901, 29.001853 ], [ 82.5399192, 29.0018271 ], [ 82.5399321, 29.0018381 ], [ 82.5398963, 29.00187 ] ] ] } },
{ "type": "Feature", "properties": { "element": "way", "id": 1221282218, "building": "yes", "bldg_type": "default", "area_m2": 8.6320718311868472, "replacement_value": 6042.4502818307928 }, "geometry": { "type": "Polygon", "coordinates": [ [ [ 82.5398391, 29.0017431 ], [ 82.5398221, 29.0017238 ], [ 82.5398481, 29.0017063 ], [ 82.5398651, 29.0017256 ], [ 82.5398391, 29.0017431 ] ] ] } },
{ "type": "Feature", "properties": { "element": "way", "id": 1221282221, "building": "yes", "bldg_type": "default", "area_m2": 18.226389694152754, "replacement_value": 12758.472785906928 }, "geometry": { "type": "Polygon", "coordinates": [ [ [ 82.5400801, 29.0017006 ], [ 82.5400757, 29.0016768 ], [ 82.5401448, 29.001667 ], [ 82.5401492, 29.0016908 ], [ 82.5400801, 29.0017006 ] ] ] } },
{ "type": "Feature", "properties": { "element": "way", "id": 1221282222, "building": "yes", "bldg_type": "default", "area_m2": 4.3061096260839804, "replacement_value": 3014.2767382587863 }, "geometry": { "type": "Polygon", "coordinates": [ [ [ 82.540377, 29.0015041 ], [ 82.5403768, 29.0014904 ], [ 82.5404059, 29.0014901 ], [ 82.5404061, 29.0015038 ], [ 82.540377, 29.0015041 ] ] ] } },
{ "type": "Feature", "properties": { "element": "way", "id": 1221282223, "building": "yes", "bldg_type": "default", "area_m2": 7.6672266251180403, "replacement_value": 5367.0586375826279 }, "geometry": { "type": "Polygon", "coordinates": [ [ [ 82.539844, 29.0019416 ], [ 82.5398306, 29.0019302 ], [ 82.539861, 29.001903 ], [ 82.5398743, 29.0019145 ], [ 82.539844, 29.0019416 ] ] ] } },
{ "type": "Feature", "properties": { "element": "way", "id": 1221359297, "building": "yes", "bldg_type": "default", "area_m2": 27.515149211202825, "replacement_value": 19260.604447841979 }, "geometry": { "type": "Polygon", "coordinates": [ [ [ 82.5326005, 29.0018048 ], [ 82.5326347, 29.0018567 ], [ 82.5326716, 29.0018382 ], [ 82.5326374, 29.0017863 ], [ 82.5326005, 29.0018048 ] ] ] } },
{ "type": "Feature", "properties": { "element": "way", "id": 1221359298, "building": "yes", "bldg_type": "default", "area_m2": 8.6934125772040058, "replacement_value": 6085.3888040428037 }, "geometry": { "type": "Polygon", "coordinates": [ [ [ 82.532955, 29.0004295 ], [ 82.5329896, 29.0004358 ], [ 82.5329949, 29.0004135 ], [ 82.5329603, 29.0004072 ], [ 82.532955, 29.0004295 ] ] ] } },
{ "type": "Feature", "properties": { "element": "way", "id": 1221359299, "building": "yes", "bldg_type": "default", "area_m2": 8.7220773751279115, "replacement_value": 6105.4541625895381 }, "geometry": { "type": "Polygon", "coordinates": [ [ [ 82.5330053, 29.0005305 ], [ 82.5330398, 29.0005368 ], [ 82.5330452, 29.0005144 ], [ 82.5330106, 29.0005081 ], [ 82.5330053, 29.0005305 ] ] ] } },
{ "type": "Feature", "properties": { "element": "way", "id": 1221359300, "building": "yes", "bldg_type": "default", "area_m2": 8.7220800332510215, "replacement_value": 6105.4560232757149 }, "geometry": { "type": "Polygon", "coordinates": [ [ [ 82.5332991, 29.0004983 ], [ 82.5333337, 29.0005046 ], [ 82.533339, 29.0004822 ], [ 82.5333045, 29.0004759 ], [ 82.5332991, 29.0004983 ] ] ] } },
{ "type": "Feature", "properties": { "element": "way", "id": 1221359301, "building": "yes", "bldg_type": "default", "area_m2": 8.7307765942762057, "replacement_value": 6111.5436159933442 }, "geometry": { "type": "Polygon", "coordinates": [ [ [ 82.5335406, 29.0004642 ], [ 82.5335752, 29.0004705 ], [ 82.5335805, 29.0004481 ], [ 82.5335459, 29.0004418 ], [ 82.5335406, 29.0004642 ] ] ] } },
{ "type": "Feature", "properties": { "element": "way", "id": 1221359302, "building": "yes", "bldg_type": "default", "area_m2": 20.679617417572192, "replacement_value": 14475.732192300535 }, "geometry": { "type": "Polygon", "coordinates": [ [ [ 82.533733, 29.0005856 ], [ 82.5337769, 29.0005864 ], [ 82.5337779, 29.0005428 ], [ 82.533734, 29.000542 ], [ 82.533733, 29.0005856 ] ] ] } },
{ "type": "Feature", "properties": { "element": "way", "id": 1221359303, "building": "yes", "bldg_type": "default", "area_m2": 8.7220826418053612, "replacement_value": 6105.4578492637529 }, "geometry": { "type": "Polygon", "coordinates": [ [ [ 82.5339543, 29.0004667 ], [ 82.5339889, 29.000473 ], [ 82.5339942, 29.0004506 ], [ 82.5339597, 29.0004443 ], [ 82.5339543, 29.0004667 ] ] ] } },
{ "type": "Feature", "properties": { "element": "way", "id": 1221359304, "building": "yes", "bldg_type": "default", "area_m2": 8.7002099206029317, "replacement_value": 6090.146944422052 }, "geometry": { "type": "Polygon", "coordinates": [ [ [ 82.5338645, 29.0005079 ], [ 82.5338991, 29.0005142 ], [ 82.5339045, 29.0004919 ], [ 82.5338699, 29.0004856 ], [ 82.5338645, 29.0005079 ] ] ] } },
{ "type": "Feature", "properties": { "element": "way", "id": 1221359305, "building": "yes", "bldg_type": "default", "area_m2": 8.7307674624197666, "replacement_value": 6111.5372236938365 }, "geometry": { "type": "Polygon", "coordinates": [ [ [ 82.5338752, 29.0005745 ], [ 82.5339098, 29.0005808 ], [ 82.5339151, 29.0005584 ], [ 82.5338805, 29.0005521 ], [ 82.5338752, 29.0005745 ] ] ] } },
{ "type": "Feature", "properties": { "element": "way", "id": 1221359306, "building": "yes", "bldg_type": "default", "area_m2": 8.723454714216464, "replacement_value": 6106.4182999515251 }, "geometry": { "type": "Polygon", "coordinates": [ [ [ 82.5342867, 29.0002027 ], [ 82.5343221, 29.0002027 ], [ 82.5343221, 29.0001799 ], [ 82.5342868, 29.0001798 ], [ 82.5342867, 29.0002027 ] ] ] } },
{ "type": "Feature", "properties": { "element": "way", "id": 1221359307, "building": "yes", "bldg_type": "default", "area_m2": 8.7362002134690702, "replacement_value": 6115.3401494283489 }, "geometry": { "type": "Polygon", "coordinates": [ [ [ 82.5343705, 29.000182 ], [ 82.5344056, 29.0001782 ], [ 82.5344024, 29.0001555 ], [ 82.5343673, 29.0001593 ], [ 82.5343705, 29.000182 ] ] ] } },
{ "type": "Feature", "properties": { "element": "way", "id": 1221359308, "building": "yes", "bldg_type": "default", "area_m2": 8.730691726428832, "replacement_value": 6111.4842085001819 }, "geometry": { "type": "Polygon", "coordinates": [ [ [ 82.5339649, 29.0014898 ], [ 82.5339995, 29.0014961 ], [ 82.5340048, 29.0014737 ], [ 82.5339702, 29.0014674 ], [ 82.5339649, 29.0014898 ] ] ] } },
{ "type": "Feature", "properties": { "element": "way", "id": 1221359309, "building": "yes", "bldg_type": "default", "area_m2": 8.684678845824612, "replacement_value": 6079.275192077228 }, "geometry": { "type": "Polygon", "coordinates": [ [ [ 82.5336603, 29.0015717 ], [ 82.5336949, 29.001578 ], [ 82.5337002, 29.0015557 ], [ 82.5336657, 29.0015494 ], [ 82.5336603, 29.0015717 ] ] ] } },
{ "type": "Feature", "properties": { "element": "way", "id": 1221359310, "building": "yes", "bldg_type": "default", "area_m2": 8.7061986012997803, "replacement_value": 6094.3390209098461 }, "geometry": { "type": "Polygon", "coordinates": [ [ [ 82.5336858, 29.001879 ], [ 82.5337203, 29.0018853 ], [ 82.5337257, 29.001863 ], [ 82.5336911, 29.0018566 ], [ 82.5336858, 29.001879 ] ] ] } },
{ "type": "Feature", "properties": { "element": "way", "id": 1221421143, "building": "yes", "bldg_type": "default", "area_m2": 9.8290521643827677, "replacement_value": 6880.3365150679374 }, "geometry": { "type": "Polygon", "coordinates": [ [ [ 82.5227027, 28.981263 ], [ 82.5226742, 28.9812678 ], [ 82.5226809, 28.9812986 ], [ 82.5227094, 28.9812938 ], [ 82.5227027, 28.981263 ] ] ] } },
{ "type": "Feature", "properties": { "element": "way", "id": 1221421144, "building": "yes", "bldg_type": "default", "area_m2": 13.472971662836599, "replacement_value": 9431.0801639856199 }, "geometry": { "type": "Polygon", "coordinates": [ [ [ 82.5211855, 28.9813411 ], [ 82.5211593, 28.9813592 ], [ 82.5211858, 28.9813885 ], [ 82.521212, 28.9813704 ], [ 82.5211855, 28.9813411 ] ] ] } },
{ "type": "Feature", "properties": { "element": "way", "id": 1221421145, "building": "yes", "bldg_type": "default", "area_m2": 9.6632729715859984, "replacement_value": 6764.2910801101989 }, "geometry": { "type": "Polygon", "coordinates": [ [ [ 82.5211523, 28.9815777 ], [ 82.5211772, 28.9816106 ], [ 82.5211961, 28.9815996 ], [ 82.5211713, 28.9815668 ], [ 82.5211523, 28.9815777 ] ] ] } },
{ "type": "Feature", "properties": { "element": "way", "id": 1221421146, "building": "yes", "bldg_type": "default", "area_m2": 36.112998771490965, "replacement_value": 25279.099140043676 }, "geometry": { "type": "Polygon", "coordinates": [ [ [ 82.5211202, 28.981669 ], [ 82.5210843, 28.9816844 ], [ 82.5211266, 28.9817595 ], [ 82.5211624, 28.981744 ], [ 82.5211202, 28.981669 ] ] ] } },
{ "type": "Feature", "properties": { "element": "way", "id": 1221421147, "building": "yes", "bldg_type": "default", "area_m2": 8.9968059995830085, "replacement_value": 6297.7641997081064 }, "geometry": { "type": "Polygon", "coordinates": [ [ [ 82.5223064, 28.9803984 ], [ 82.5222842, 28.9804119 ], [ 82.5223043, 28.9804372 ], [ 82.5223265, 28.9804236 ], [ 82.5223064, 28.9803984 ] ] ] } },
{ "type": "Feature", "properties": { "element": "way", "id": 1221539623, "building": "yes", "bldg_type": "default", "area_m2": 152.15452909098875, "replacement_value": 106508.17036369212 }, "geometry": { "type": "Polygon", "coordinates": [ [ [ 82.5212717, 28.9790234 ], [ 82.5213388, 28.9790047 ], [ 82.5212691, 28.9788142 ], [ 82.521202, 28.9788329 ], [ 82.5212717, 28.9790234 ] ] ] } },
{ "type": "Feature", "properties": { "element": "way", "id": 1221706219, "building": "yes", "bldg_type": "default", "area_m2": 14.931973098716533, "replacement_value": 10452.381169101573 }, "geometry": { "type": "Polygon", "coordinates": [ [ [ 82.5369802, 28.9812026 ], [ 82.5369597, 28.9811742 ], [ 82.5369946, 28.981155 ], [ 82.537015, 28.9811834 ], [ 82.5369802, 28.9812026 ] ] ] } },
{ "type": "Feature", "properties": { "element": "way", "id": 1221706220, "building": "yes", "bldg_type": "default", "area_m2": 33.343196551754986, "replacement_value": 23340.23758622849 }, "geometry": { "type": "Polygon", "coordinates": [ [ [ 82.5371497, 28.9807456 ], [ 82.5371033, 28.9806842 ], [ 82.5371383, 28.980664 ], [ 82.5371847, 28.9807253 ], [ 82.5371497, 28.9807456 ] ] ] } },
{ "type": "Feature", "properties": { "element": "way", "id": 1221706773, "building": "yes", "bldg_type": "default", "area_m2": 5.8809838638422454, "replacement_value": 4116.6887046895718 }, "geometry": { "type": "Polygon", "coordinates": [ [ [ 82.5380145, 28.9806527 ], [ 82.537998, 28.9806313 ], [ 82.5380155, 28.980621 ], [ 82.538032, 28.9806424 ], [ 82.5380145, 28.9806527 ] ] ] } },
{ "type": "Feature", "properties": { "element": "way", "id": 1221706774, "building": "yes", "bldg_type": "default", "area_m2": 23.259055330702491, "replacement_value": 16281.338731491744 }, "geometry": { "type": "Polygon", "coordinates": [ [ [ 82.5372321, 28.9802831 ], [ 82.5371883, 28.9802466 ], [ 82.5372213, 28.9802162 ], [ 82.5372543, 28.9802436 ], [ 82.5372341, 28.9802622 ], [ 82.5372449, 28.9802712 ], [ 82.5372321, 28.9802831 ] ] ] } },
{ "type": "Feature", "properties": { "element": "way", "id": 1221706775, "building": "yes", "bldg_type": "default", "area_m2": 10.270174940102429, "replacement_value": 7189.1224580716998 }, "geometry": { "type": "Polygon", "coordinates": [ [ [ 82.5372016, 28.9803495 ], [ 82.5371937, 28.9803254 ], [ 82.5372301, 28.9803163 ], [ 82.5372381, 28.9803404 ], [ 82.5372016, 28.9803495 ] ] ] } },
{ "type": "Feature", "properties": { "element": "way", "id": 1221706776, "building": "yes", "bldg_type": "default", "area_m2": 36.436005501583928, "replacement_value": 25505.203851108748 }, "geometry": { "type": "Polygon", "coordinates": [ [ [ 82.5371067, 28.9799173 ], [ 82.53705, 28.9798716 ], [ 82.5370838, 28.9798394 ], [ 82.5371406, 28.9798852 ], [ 82.5371067, 28.9799173 ] ] ] } },
{ "type": "Feature", "properties": { "element": "way", "id": 1221706777, "building": "yes", "bldg_type": "default", "area_m2": 18.1877128963127, "replacement_value": 12731.399027418889 }, "geometry": { "type": "Polygon", "coordinates": [ [ [ 82.5371619, 28.9798538 ], [ 82.5371393, 28.9798091 ], [ 82.5371708, 28.9797969 ], [ 82.5371934, 28.9798416 ], [ 82.5371619, 28.9798538 ] ] ] } },
{ "type": "Feature", "properties": { "element": "way", "id": 1221706778, "building": "yes", "bldg_type": "default", "area_m2": 8.4111541878783367, "replacement_value": 5887.8079315148361 }, "geometry": { "type": "Polygon", "coordinates": [ [ [ 82.5368853, 28.9795401 ], [ 82.5368633, 28.9795153 ], [ 82.5368829, 28.979502 ], [ 82.5369049, 28.9795268 ], [ 82.5368853, 28.9795401 ] ] ] } },
{ "type": "Feature", "properties": { "element": "way", "id": 1221706998, "building": "yes", "bldg_type": "default", "area_m2": 102.14488980267006, "replacement_value": 71501.422861869039 }, "geometry": { "type": "Polygon", "coordinates": [ [ [ 82.544266, 28.9837211 ], [ 82.5441428, 28.9836501 ], [ 82.5441831, 28.9835966 ], [ 82.5443063, 28.9836675 ], [ 82.544266, 28.9837211 ] ] ] } },
{ "type": "Feature", "properties": { "element": "way", "id": 1221706999, "building": "yes", "bldg_type": "default", "area_m2": 75.459972888402149, "replacement_value": 52821.981021881504 }, "geometry": { "type": "Polygon", "coordinates": [ [ [ 82.5441355, 28.9836137 ], [ 82.544079, 28.9835758 ], [ 82.5441472, 28.9834979 ], [ 82.5442037, 28.9835358 ], [ 82.5441355, 28.9836137 ] ] ] } },
{ "type": "Feature", "properties": { "element": "way", "id": 1221707000, "building": "yes", "bldg_type": "default", "area_m2": 119.25527768943017, "replacement_value": 83478.694382601127 }, "geometry": { "type": "Polygon", "coordinates": [ [ [ 82.5440706, 28.9835716 ], [ 82.543933, 28.9834782 ], [ 82.5439774, 28.9834281 ], [ 82.544115, 28.9835215 ], [ 82.5440706, 28.9835716 ] ] ] } },
{ "type": "Feature", "properties": { "element": "way", "id": 1221707001, "building": "yes", "bldg_type": "default", "area_m2": 34.13981123391136, "replacement_value": 23897.867863737953 }, "geometry": { "type": "Polygon", "coordinates": [ [ [ 82.5445692, 28.9834427 ], [ 82.544492, 28.9834063 ], [ 82.5445116, 28.9833746 ], [ 82.5445888, 28.983411 ], [ 82.5445692, 28.9834427 ] ] ] } },
{ "type": "Feature", "properties": { "element": "way", "id": 1221707002, "building": "yes", "bldg_type": "default", "area_m2": 19.523649326971281, "replacement_value": 13666.554528879897 }, "geometry": { "type": "Polygon", "coordinates": [ [ [ 82.5459186, 28.9846715 ], [ 82.54591, 28.9846366 ], [ 82.5459595, 28.9846273 ], [ 82.5459681, 28.9846622 ], [ 82.5459186, 28.9846715 ] ] ] } },
{ "type": "Feature", "properties": { "element": "way", "id": 1223556014, "building": "yes", "bldg_type": "default", "area_m2": 28.760878189930978, "replacement_value": 20132.614732951683 }, "geometry": { "type": "Polygon", "coordinates": [ [ [ 82.5334865, 28.9732277 ], [ 82.5334369, 28.9732532 ], [ 82.5334637, 28.9732931 ], [ 82.5335133, 28.9732676 ], [ 82.5334865, 28.9732277 ] ] ] } },
{ "type": "Feature", "properties": { "element": "way", "id": 1223556015, "building": "yes", "bldg_type": "default", "area_m2": 56.448004395082677, "replacement_value": 39513.603076557876 }, "geometry": { "type": "Polygon", "coordinates": [ [ [ 82.5326899, 28.9703743 ], [ 82.5326781, 28.9704207 ], [ 82.5327854, 28.9704416 ], [ 82.5327972, 28.9703952 ], [ 82.5326899, 28.9703743 ] ] ] } },
{ "type": "Feature", "properties": { "element": "way", "id": 1225798201, "building": "yes", "bldg_type": "default", "area_m2": 13.281481056273426, "replacement_value": 9297.0367393913984 }, "geometry": { "type": "Polygon", "coordinates": [ [ [ 82.5373302, 28.9807813 ], [ 82.5373703, 28.9807668 ], [ 82.5373376, 28.9807368 ], [ 82.5373172, 28.9807538 ], [ 82.5373302, 28.9807813 ] ] ] } },
{ "type": "Feature", "properties": { "element": "way", "id": 1225798202, "building": "yes", "bldg_type": "default", "area_m2": 5.9000987462841525, "replacement_value": 4130.069122398907 }, "geometry": { "type": "Polygon", "coordinates": [ [ [ 82.5373009, 28.9807253 ], [ 82.5373235, 28.9807179 ], [ 82.5372903, 28.9806956 ], [ 82.5372809, 28.9807016 ], [ 82.5373009, 28.9807253 ] ] ] } },
{ "type": "Feature", "properties": { "element": "way", "id": 1225798203, "building": "yes", "bldg_type": "default", "area_m2": 14.661009985759074, "replacement_value": 10262.706990031353 }, "geometry": { "type": "Polygon", "coordinates": [ [ [ 82.5383269, 28.9827901 ], [ 82.5383365, 28.9827797 ], [ 82.5383227, 28.98277 ], [ 82.5383248, 28.9827601 ], [ 82.5383179, 28.982738 ], [ 82.5382852, 28.9827458 ], [ 82.5382845, 28.9827601 ], [ 82.5383269, 28.9827901 ] ] ] } },
{ "type": "Feature", "properties": { "element": "way", "id": 1225798204, "building": "yes", "bldg_type": "default", "area_m2": 2.6354535611882768, "replacement_value": 1844.8174928317937 }, "geometry": { "type": "Polygon", "coordinates": [ [ [ 82.5383295, 28.9827487 ], [ 82.5383424, 28.9827484 ], [ 82.5383418, 28.9827295 ], [ 82.5383289, 28.9827298 ], [ 82.5383295, 28.9827487 ] ] ] } }
]
}
